{"level":"info","message":"Using Local Redis","service":"e_commerce-api","timestamp":"2026-03-22T07:00:19.145Z"}
{"level":"info","message":"Email transporter initialized","service":"e_commerce-api","timestamp":"2026-03-22T07:00:19.239Z"}
{"level":"info","message":"Cloudinary configured successfully","service":"e_commerce-api","timestamp":"2026-03-22T07:00:19.615Z"}
{"level":"info","message":"Server is running on port 3000","service":"e_commerce-api","timestamp":"2026-03-22T07:00:19.624Z"}
{"level":"info","message":"Redis connected","service":"e_commerce-api","timestamp":"2026-03-22T07:00:19.637Z"}
{"level":"info","message":"MongoDB connected successfully: ac-tndgswv-shard-00-00.z9n5uke.mongodb.net","service":"e_commerce-api","timestamp":"2026-03-22T07:00:21.789Z"}
{"level":"info","message":"Using Local Redis","service":"e_commerce-api","timestamp":"2026-03-22T07:00:53.756Z"}
{"level":"info","message":"Email transporter initialized","service":"e_commerce-api","timestamp":"2026-03-22T07:00:53.948Z"}
{"level":"info","message":"Cloudinary configured successfully","service":"e_commerce-api","timestamp":"2026-03-22T07:00:54.630Z"}
{"level":"info","message":"Server is running on port 3000","service":"e_commerce-api","timestamp":"2026-03-22T07:00:54.647Z"}
{"level":"info","message":"Redis connected","service":"e_commerce-api","timestamp":"2026-03-22T07:00:54.670Z"}
{"level":"info","message":"MongoDB connected successfully: ac-tndgswv-shard-00-02.z9n5uke.mongodb.net","service":"e_commerce-api","timestamp":"2026-03-22T07:00:55.915Z"}
{"ip":"::1","level":"error","message":"Admin validation failed: email: Cast to string failed for value \"{ email: 'mrrajprasad5@gmail.com' }\" (type Object) at path \"email\"","method":"POST","service":"e_commerce-api","stack":"ValidationError: Admin validation failed: email: Cast to string failed for value \"{ email: 'mrrajprasad5@gmail.com' }\" (type Object) at path \"email\"\n    at Document.invalidate (D:\\e-commerce\\backend\\node_modules\\mongoose\\lib\\document.js:3433:32)\n    at model.$set (D:\\e-commerce\\backend\\node_modules\\mongoose\\lib\\document.js:1530:12)\n    at model.$set (D:\\e-commerce\\backend\\node_modules\\mongoose\\lib\\document.js:1170:16)\n    at model.Document (D:\\e-commerce\\backend\\node_modules\\mongoose\\lib\\document.js:181:12)\n    at model.Model (D:\\e-commerce\\backend\\node_modules\\mongoose\\lib\\model.js:136:12)\n    at new model (D:\\e-commerce\\backend\\node_modules\\mongoose\\lib\\model.js:4859:15)\n    at Function.create (D:\\e-commerce\\backend\\node_modules\\mongoose\\lib\\model.js:2747:16)\n    at D:\\e-commerce\\backend\\server.js:54:31\n    at Layer.handleRequest (D:\\e-commerce\\backend\\node_modules\\router\\lib\\layer.js:152:17)\n    at next (D:\\e-commerce\\backend\\node_modules\\router\\lib\\route.js:157:13)","status":500,"timestamp":"2026-03-22T07:02:18.335Z","url":"/api/superAdmin/add"}
{"level":"info","message":"POST /api/superAdmin/add 500 1230 - 25.865 ms","service":"e_commerce-api","timestamp":"2026-03-22T07:02:18.344Z"}
{"level":"info","message":"Using Local Redis","service":"e_commerce-api","timestamp":"2026-03-22T07:03:28.860Z"}
{"level":"info","message":"Email transporter initialized","service":"e_commerce-api","timestamp":"2026-03-22T07:03:29.011Z"}
{"level":"info","message":"Cloudinary configured successfully","service":"e_commerce-api","timestamp":"2026-03-22T07:03:29.594Z"}
{"level":"info","message":"Server is running on port 3000","service":"e_commerce-api","timestamp":"2026-03-22T07:03:29.609Z"}
{"level":"info","message":"Redis connected","service":"e_commerce-api","timestamp":"2026-03-22T07:03:29.632Z"}
{"level":"info","message":"MongoDB connected successfully: ac-tndgswv-shard-00-00.z9n5uke.mongodb.net","service":"e_commerce-api","timestamp":"2026-03-22T07:03:31.248Z"}
{"level":"warn","message":"Mongoose disconnected","service":"e_commerce-api","timestamp":"2026-03-22T07:08:56.871Z"}
{"level":"info","message":"Mongoose connected to database","service":"e_commerce-api","timestamp":"2026-03-22T07:08:56.994Z"}
{"level":"info","message":"Using Local Redis","service":"e_commerce-api","timestamp":"2026-03-22T07:09:11.997Z"}
{"level":"info","message":"Email transporter initialized","service":"e_commerce-api","timestamp":"2026-03-22T07:09:12.136Z"}
{"level":"info","message":"Cloudinary configured successfully","service":"e_commerce-api","timestamp":"2026-03-22T07:09:12.786Z"}
{"level":"info","message":"Server is running on port 3000","service":"e_commerce-api","timestamp":"2026-03-22T07:09:12.801Z"}
{"level":"info","message":"Redis connected","service":"e_commerce-api","timestamp":"2026-03-22T07:09:12.820Z"}
{"level":"info","message":"MongoDB connected successfully: ac-tndgswv-shard-00-00.z9n5uke.mongodb.net","service":"e_commerce-api","timestamp":"2026-03-22T07:09:13.858Z"}
{"level":"info","message":"Using Local Redis","service":"e_commerce-api","timestamp":"2026-03-22T07:20:09.323Z"}
{"level":"info","message":"Email transporter initialized","service":"e_commerce-api","timestamp":"2026-03-22T07:20:09.457Z"}
{"level":"info","message":"Cloudinary configured successfully","service":"e_commerce-api","timestamp":"2026-03-22T07:20:09.925Z"}
{"level":"info","message":"Server is running on port 3000","service":"e_commerce-api","timestamp":"2026-03-22T07:20:09.937Z"}
{"level":"info","message":"Redis connected","service":"e_commerce-api","timestamp":"2026-03-22T07:20:09.948Z"}
{"level":"info","message":"Using Local Redis","service":"e_commerce-api","timestamp":"2026-03-22T07:20:13.702Z"}
{"level":"info","message":"Email transporter initialized","service":"e_commerce-api","timestamp":"2026-03-22T07:20:13.816Z"}
{"level":"info","message":"Cloudinary configured successfully","service":"e_commerce-api","timestamp":"2026-03-22T07:20:14.245Z"}
{"level":"info","message":"Server is running on port 3000","service":"e_commerce-api","timestamp":"2026-03-22T07:20:14.258Z"}
{"level":"info","message":"Redis connected","service":"e_commerce-api","timestamp":"2026-03-22T07:20:14.280Z"}
{"level":"info","message":"MongoDB connected successfully: ac-tndgswv-shard-00-02.z9n5uke.mongodb.net","service":"e_commerce-api","timestamp":"2026-03-22T07:20:15.606Z"}
{"level":"info","message":"Using Local Redis","service":"e_commerce-api","timestamp":"2026-03-22T07:20:18.602Z"}
{"level":"info","message":"Email transporter initialized","service":"e_commerce-api","timestamp":"2026-03-22T07:20:18.702Z"}
{"level":"info","message":"Cloudinary configured successfully","service":"e_commerce-api","timestamp":"2026-03-22T07:20:19.236Z"}
{"level":"info","message":"Server is running on port 3000","service":"e_commerce-api","timestamp":"2026-03-22T07:20:19.252Z"}
{"level":"info","message":"Redis connected","service":"e_commerce-api","timestamp":"2026-03-22T07:20:19.265Z"}
{"level":"info","message":"Using Local Redis","service":"e_commerce-api","timestamp":"2026-03-22T07:20:21.087Z"}
{"level":"info","message":"Email transporter initialized","service":"e_commerce-api","timestamp":"2026-03-22T07:20:21.198Z"}
{"level":"info","message":"Cloudinary configured successfully","service":"e_commerce-api","timestamp":"2026-03-22T07:20:21.740Z"}
{"level":"info","message":"Server is running on port 3000","service":"e_commerce-api","timestamp":"2026-03-22T07:20:21.751Z"}
{"level":"info","message":"Redis connected","service":"e_commerce-api","timestamp":"2026-03-22T07:20:21.762Z"}
{"level":"info","message":"MongoDB connected successfully: ac-tndgswv-shard-00-01.z9n5uke.mongodb.net","service":"e_commerce-api","timestamp":"2026-03-22T07:20:23.211Z"}
{"level":"info","message":"Using Local Redis","service":"e_commerce-api","timestamp":"2026-03-22T07:20:30.331Z"}
{"level":"info","message":"Email transporter initialized","service":"e_commerce-api","timestamp":"2026-03-22T07:20:30.481Z"}
{"level":"info","message":"Cloudinary configured successfully","service":"e_commerce-api","timestamp":"2026-03-22T07:20:31.028Z"}
{"level":"info","message":"Server is running on port 3000","service":"e_commerce-api","timestamp":"2026-03-22T07:20:31.039Z"}
{"level":"info","message":"Redis connected","service":"e_commerce-api","timestamp":"2026-03-22T07:20:31.052Z"}
{"level":"info","message":"MongoDB connected successfully: ac-tndgswv-shard-00-02.z9n5uke.mongodb.net","service":"e_commerce-api","timestamp":"2026-03-22T07:20:32.612Z"}
{"level":"info","message":"Using Local Redis","service":"e_commerce-api","timestamp":"2026-03-22T07:21:32.566Z"}
{"level":"info","message":"Email transporter initialized","service":"e_commerce-api","timestamp":"2026-03-22T07:21:32.691Z"}
{"level":"info","message":"Cloudinary configured successfully","service":"e_commerce-api","timestamp":"2026-03-22T07:21:33.215Z"}
{"level":"info","message":"Server is running on port 3000","service":"e_commerce-api","timestamp":"2026-03-22T07:21:33.233Z"}
{"level":"info","message":"Redis connected","service":"e_commerce-api","timestamp":"2026-03-22T07:21:33.247Z"}
{"level":"info","message":"MongoDB connected successfully: ac-tndgswv-shard-00-00.z9n5uke.mongodb.net","service":"e_commerce-api","timestamp":"2026-03-22T07:21:35.302Z"}
{"level":"info","message":"Using Local Redis","service":"e_commerce-api","timestamp":"2026-03-22T07:22:38.502Z"}
{"level":"info","message":"Email transporter initialized","service":"e_commerce-api","timestamp":"2026-03-22T07:22:38.603Z"}
{"level":"info","message":"Cloudinary configured successfully","service":"e_commerce-api","timestamp":"2026-03-22T07:22:39.131Z"}
{"level":"info","message":"Server is running on port 3000","service":"e_commerce-api","timestamp":"2026-03-22T07:22:39.182Z"}
{"level":"info","message":"Redis connected","service":"e_commerce-api","timestamp":"2026-03-22T07:22:39.225Z"}
{"level":"info","message":"MongoDB connected successfully: ac-tndgswv-shard-00-00.z9n5uke.mongodb.net","service":"e_commerce-api","timestamp":"2026-03-22T07:22:40.742Z"}
{"ip":"::1","level":"error","message":"Cannot access 'admin' before initialization","method":"POST","service":"e_commerce-api","stack":"ReferenceError: Cannot access 'admin' before initialization\n    at D:\\e-commerce\\backend\\server.js:53:19\n    at Layer.handleRequest (D:\\e-commerce\\backend\\node_modules\\router\\lib\\layer.js:152:17)\n    at next (D:\\e-commerce\\backend\\node_modules\\router\\lib\\route.js:157:13)\n    at Route.dispatch (D:\\e-commerce\\backend\\node_modules\\router\\lib\\route.js:117:3)\n    at handle (D:\\e-commerce\\backend\\node_modules\\router\\index.js:435:11)\n    at Layer.handleRequest (D:\\e-commerce\\backend\\node_modules\\router\\lib\\layer.js:152:17)\n    at D:\\e-commerce\\backend\\node_modules\\router\\index.js:295:15\n    at processParams (D:\\e-commerce\\backend\\node_modules\\router\\index.js:582:12)\n    at next (D:\\e-commerce\\backend\\node_modules\\router\\index.js:291:5)\n    at logger (D:\\e-commerce\\backend\\node_modules\\morgan\\index.js:144:5)","status":500,"timestamp":"2026-03-22T07:22:59.844Z","url":"/api/superAdmin/add"}
{"level":"info","message":"POST /api/superAdmin/add 500 957 - 10.046 ms","service":"e_commerce-api","timestamp":"2026-03-22T07:22:59.854Z"}
{"level":"info","message":"Using Local Redis","service":"e_commerce-api","timestamp":"2026-03-22T07:23:13.708Z"}
{"level":"info","message":"Email transporter initialized","service":"e_commerce-api","timestamp":"2026-03-22T07:23:13.814Z"}
{"level":"info","message":"Cloudinary configured successfully","service":"e_commerce-api","timestamp":"2026-03-22T07:23:14.267Z"}
{"level":"info","message":"Server is running on port 3000","service":"e_commerce-api","timestamp":"2026-03-22T07:23:14.281Z"}
{"level":"info","message":"Redis connected","service":"e_commerce-api","timestamp":"2026-03-22T07:23:14.302Z"}
{"level":"info","message":"MongoDB connected successfully: ac-tndgswv-shard-00-02.z9n5uke.mongodb.net","service":"e_commerce-api","timestamp":"2026-03-22T07:23:15.646Z"}
{"level":"info","message":"Using Local Redis","service":"e_commerce-api","timestamp":"2026-03-22T07:23:31.563Z"}
{"level":"info","message":"Email transporter initialized","service":"e_commerce-api","timestamp":"2026-03-22T07:23:31.721Z"}
{"level":"info","message":"Cloudinary configured successfully","service":"e_commerce-api","timestamp":"2026-03-22T07:23:32.248Z"}
{"level":"info","message":"Server is running on port 3000","service":"e_commerce-api","timestamp":"2026-03-22T07:23:32.263Z"}
{"level":"info","message":"Redis connected","service":"e_commerce-api","timestamp":"2026-03-22T07:23:32.278Z"}
{"level":"info","message":"MongoDB connected successfully: ac-tndgswv-shard-00-00.z9n5uke.mongodb.net","service":"e_commerce-api","timestamp":"2026-03-22T07:23:33.689Z"}
{"ip":"::1","level":"error","message":"Admin validation failed: email: Cast to string failed for value \"{ email: 'mrrajprasad5@gmail.com' }\" (type Object) at path \"email\"","method":"POST","service":"e_commerce-api","stack":"ValidationError: Admin validation failed: email: Cast to string failed for value \"{ email: 'mrrajprasad5@gmail.com' }\" (type Object) at path \"email\"\n    at Document.invalidate (D:\\e-commerce\\backend\\node_modules\\mongoose\\lib\\document.js:3433:32)\n    at model.$set (D:\\e-commerce\\backend\\node_modules\\mongoose\\lib\\document.js:1530:12)\n    at model.$set (D:\\e-commerce\\backend\\node_modules\\mongoose\\lib\\document.js:1170:16)\n    at model.Document (D:\\e-commerce\\backend\\node_modules\\mongoose\\lib\\document.js:181:12)\n    at model.Model (D:\\e-commerce\\backend\\node_modules\\mongoose\\lib\\model.js:136:12)\n    at new model (D:\\e-commerce\\backend\\node_modules\\mongoose\\lib\\model.js:4859:15)\n    at D:\\e-commerce\\backend\\server.js:54:19\n    at Layer.handleRequest (D:\\e-commerce\\backend\\node_modules\\router\\lib\\layer.js:152:17)\n    at next (D:\\e-commerce\\backend\\node_modules\\router\\lib\\route.js:157:13)\n    at Route.dispatch (D:\\e-commerce\\backend\\node_modules\\router\\lib\\route.js:117:3)","status":500,"timestamp":"2026-03-22T07:23:37.049Z","url":"/api/superAdmin/add"}
{"level":"info","message":"POST /api/superAdmin/add 500 1225 - 19.283 ms","service":"e_commerce-api","timestamp":"2026-03-22T07:23:37.056Z"}
{"level":"info","message":"Using Local Redis","service":"e_commerce-api","timestamp":"2026-03-22T07:26:00.225Z"}
{"level":"info","message":"Email transporter initialized","service":"e_commerce-api","timestamp":"2026-03-22T07:26:00.405Z"}
{"level":"info","message":"Cloudinary configured successfully","service":"e_commerce-api","timestamp":"2026-03-22T07:26:00.964Z"}
{"level":"info","message":"Server is running on port 3000","service":"e_commerce-api","timestamp":"2026-03-22T07:26:00.980Z"}
{"level":"info","message":"Redis connected","service":"e_commerce-api","timestamp":"2026-03-22T07:26:00.993Z"}
{"level":"info","message":"MongoDB connected successfully: ac-tndgswv-shard-00-00.z9n5uke.mongodb.net","service":"e_commerce-api","timestamp":"2026-03-22T07:26:02.892Z"}
{"level":"info","message":"Using Local Redis","service":"e_commerce-api","timestamp":"2026-03-22T07:26:27.162Z"}
{"level":"info","message":"Email transporter initialized","service":"e_commerce-api","timestamp":"2026-03-22T07:26:27.314Z"}
{"level":"info","message":"Cloudinary configured successfully","service":"e_commerce-api","timestamp":"2026-03-22T07:26:27.750Z"}
{"level":"info","message":"Server is running on port 3000","service":"e_commerce-api","timestamp":"2026-03-22T07:26:27.761Z"}
{"level":"info","message":"Redis connected","service":"e_commerce-api","timestamp":"2026-03-22T07:26:27.777Z"}
{"level":"info","message":"MongoDB connected successfully: ac-tndgswv-shard-00-02.z9n5uke.mongodb.net","service":"e_commerce-api","timestamp":"2026-03-22T07:26:29.004Z"}
{"level":"info","message":"Using Local Redis","service":"e_commerce-api","timestamp":"2026-03-22T07:27:35.799Z"}
{"level":"info","message":"Email transporter initialized","service":"e_commerce-api","timestamp":"2026-03-22T07:27:35.938Z"}
{"level":"info","message":"Cloudinary configured successfully","service":"e_commerce-api","timestamp":"2026-03-22T07:27:36.444Z"}
{"level":"info","message":"Server is running on port 3000","service":"e_commerce-api","timestamp":"2026-03-22T07:27:36.466Z"}
{"level":"info","message":"Redis connected","service":"e_commerce-api","timestamp":"2026-03-22T07:27:36.502Z"}
{"level":"info","message":"Using Local Redis","service":"e_commerce-api","timestamp":"2026-03-22T07:27:39.665Z"}
{"level":"info","message":"Email transporter initialized","service":"e_commerce-api","timestamp":"2026-03-22T07:27:39.810Z"}
{"level":"info","message":"Cloudinary configured successfully","service":"e_commerce-api","timestamp":"2026-03-22T07:27:40.400Z"}
{"level":"info","message":"Server is running on port 3000","service":"e_commerce-api","timestamp":"2026-03-22T07:27:40.416Z"}
{"level":"info","message":"Redis connected","service":"e_commerce-api","timestamp":"2026-03-22T07:27:40.431Z"}
{"level":"info","message":"MongoDB connected successfully: ac-tndgswv-shard-00-02.z9n5uke.mongodb.net","service":"e_commerce-api","timestamp":"2026-03-22T07:27:41.814Z"}
{"level":"info","message":"POST /api/superAdmin/add 201 51 - 203.979 ms","service":"e_commerce-api","timestamp":"2026-03-22T07:27:47.045Z"}
{"level":"info","message":"Using Local Redis","service":"e_commerce-api","timestamp":"2026-03-22T07:27:59.559Z"}
{"level":"info","message":"Email transporter initialized","service":"e_commerce-api","timestamp":"2026-03-22T07:27:59.698Z"}
{"level":"info","message":"Cloudinary configured successfully","service":"e_commerce-api","timestamp":"2026-03-22T07:28:00.371Z"}
{"level":"info","message":"Server is running on port 3000","service":"e_commerce-api","timestamp":"2026-03-22T07:28:00.388Z"}
{"level":"info","message":"Redis connected","service":"e_commerce-api","timestamp":"2026-03-22T07:28:00.411Z"}
{"level":"info","message":"MongoDB connected successfully: ac-tndgswv-shard-00-00.z9n5uke.mongodb.net","service":"e_commerce-api","timestamp":"2026-03-22T07:28:01.584Z"}
{"level":"info","message":"Using Local Redis","service":"e_commerce-api","timestamp":"2026-03-22T07:28:05.387Z"}
{"level":"info","message":"Email transporter initialized","service":"e_commerce-api","timestamp":"2026-03-22T07:28:05.503Z"}
{"level":"info","message":"Cloudinary configured successfully","service":"e_commerce-api","timestamp":"2026-03-22T07:28:06.042Z"}
{"level":"info","message":"Server is running on port 3000","service":"e_commerce-api","timestamp":"2026-03-22T07:28:06.067Z"}
{"level":"info","message":"Redis connected","service":"e_commerce-api","timestamp":"2026-03-22T07:28:06.113Z"}
{"level":"info","message":"MongoDB connected successfully: ac-tndgswv-shard-00-01.z9n5uke.mongodb.net","service":"e_commerce-api","timestamp":"2026-03-22T07:28:07.210Z"}
{"level":"info","message":"Using Local Redis","service":"e_commerce-api","timestamp":"2026-03-22T07:57:01.639Z"}
{"level":"info","message":"Email transporter initialized","service":"e_commerce-api","timestamp":"2026-03-22T07:57:01.759Z"}
{"level":"info","message":"Cloudinary configured successfully","service":"e_commerce-api","timestamp":"2026-03-22T07:57:02.360Z"}
{"level":"info","message":"Server is running on port 3000","service":"e_commerce-api","timestamp":"2026-03-22T07:57:02.374Z"}
{"level":"info","message":"Redis connected","service":"e_commerce-api","timestamp":"2026-03-22T07:57:02.387Z"}
{"level":"info","message":"MongoDB connected successfully: ac-tndgswv-shard-00-00.z9n5uke.mongodb.net","service":"e_commerce-api","timestamp":"2026-03-22T07:57:04.008Z"}
{"level":"info","message":"get all products endpoint hit","service":"e_commerce-api","timestamp":"2026-03-22T07:58:14.180Z"}
{"level":"info","message":"GET /api/product/all 200 61 - 105.848 ms","service":"e_commerce-api","timestamp":"2026-03-22T07:58:14.286Z"}
{"level":"info","message":"get all products endpoint hit","service":"e_commerce-api","timestamp":"2026-03-22T07:58:34.178Z"}
{"level":"info","message":"GET /api/product/all 304 - - 140.920 ms","service":"e_commerce-api","timestamp":"2026-03-22T07:58:34.318Z"}
{"level":"info","message":"Using Local Redis","service":"e_commerce-api","timestamp":"2026-03-22T10:55:18.041Z"}
{"level":"info","message":"Email transporter initialized","service":"e_commerce-api","timestamp":"2026-03-22T10:55:18.218Z"}
{"level":"info","message":"Cloudinary configured successfully","service":"e_commerce-api","timestamp":"2026-03-22T10:55:18.880Z"}
{"level":"info","message":"Server is running on port 3000","service":"e_commerce-api","timestamp":"2026-03-22T10:55:18.893Z"}
{"level":"info","message":"Redis connected","service":"e_commerce-api","timestamp":"2026-03-22T10:55:18.905Z"}
{"level":"info","message":"MongoDB connected successfully: ac-tndgswv-shard-00-00.z9n5uke.mongodb.net","service":"e_commerce-api","timestamp":"2026-03-22T10:55:20.390Z"}
{"level":"info","message":"Using Local Redis","service":"e_commerce-api","timestamp":"2026-03-22T10:56:43.715Z"}
{"level":"info","message":"Email transporter initialized","service":"e_commerce-api","timestamp":"2026-03-22T10:56:43.823Z"}
{"level":"info","message":"Cloudinary configured successfully","service":"e_commerce-api","timestamp":"2026-03-22T10:56:44.487Z"}
{"level":"info","message":"Server is running on port 3000","service":"e_commerce-api","timestamp":"2026-03-22T10:56:44.500Z"}
{"level":"info","message":"Redis connected","service":"e_commerce-api","timestamp":"2026-03-22T10:56:44.515Z"}
{"level":"info","message":"MongoDB connected successfully: ac-tndgswv-shard-00-00.z9n5uke.mongodb.net","service":"e_commerce-api","timestamp":"2026-03-22T10:56:45.903Z"}
{"level":"info","message":"get all products endpoint hit","service":"e_commerce-api","timestamp":"2026-03-22T10:56:48.277Z"}
{"level":"info","message":"GET /api/product/all 304 - - 123.755 ms","service":"e_commerce-api","timestamp":"2026-03-22T10:56:48.398Z"}
{"level":"info","message":"Using Local Redis","service":"e_commerce-api","timestamp":"2026-03-22T11:19:42.341Z"}
{"level":"info","message":"Email transporter initialized","service":"e_commerce-api","timestamp":"2026-03-22T11:19:42.468Z"}
{"level":"info","message":"Cloudinary configured successfully","service":"e_commerce-api","timestamp":"2026-03-22T11:19:42.974Z"}
{"level":"info","message":"Server is running on port 5000","service":"e_commerce-api","timestamp":"2026-03-22T11:19:42.990Z"}
{"level":"info","message":"Redis connected","service":"e_commerce-api","timestamp":"2026-03-22T11:19:43.012Z"}
{"level":"info","message":"MongoDB connected successfully: ac-tndgswv-shard-00-00.z9n5uke.mongodb.net","service":"e_commerce-api","timestamp":"2026-03-22T11:19:43.979Z"}
{"level":"info","message":"Using Local Redis","service":"e_commerce-api","timestamp":"2026-03-22T11:26:57.285Z"}
{"level":"info","message":"Email transporter initialized","service":"e_commerce-api","timestamp":"2026-03-22T11:26:57.380Z"}
{"level":"info","message":"Cloudinary configured successfully","service":"e_commerce-api","timestamp":"2026-03-22T11:26:57.762Z"}
{"level":"info","message":"Server is running on port 5000","service":"e_commerce-api","timestamp":"2026-03-22T11:26:57.773Z"}
{"level":"info","message":"Redis connected","service":"e_commerce-api","timestamp":"2026-03-22T11:26:57.784Z"}
{"level":"info","message":"MongoDB connected successfully: ac-tndgswv-shard-00-00.z9n5uke.mongodb.net","service":"e_commerce-api","timestamp":"2026-03-22T11:26:59.085Z"}
{"level":"info","message":"Using Local Redis","service":"e_commerce-api","timestamp":"2026-03-22T11:41:20.763Z"}
{"level":"info","message":"Email transporter initialized","service":"e_commerce-api","timestamp":"2026-03-22T11:41:20.888Z"}
{"level":"info","message":"Cloudinary configured successfully","service":"e_commerce-api","timestamp":"2026-03-22T11:41:21.390Z"}
{"level":"info","message":"Server is running on port 5000","service":"e_commerce-api","timestamp":"2026-03-22T11:41:21.407Z"}
{"level":"info","message":"Redis connected","service":"e_commerce-api","timestamp":"2026-03-22T11:41:21.421Z"}
{"level":"info","message":"MongoDB connected successfully: ac-tndgswv-shard-00-00.z9n5uke.mongodb.net","service":"e_commerce-api","timestamp":"2026-03-22T11:41:22.983Z"}
{"level":"info","message":"Login endpoint hit....","service":"e_commerce-api","timestamp":"2026-03-22T11:41:24.478Z"}
{"level":"info","message":"user exist ,check user is blocked or not","service":"e_commerce-api","timestamp":"2026-03-22T11:41:24.606Z"}
{"level":"error","message":"login failed due to error:  otp is not defined","service":"e_commerce-api","stack":"ReferenceError: otp is not defined\n    at login (D:\\e-commerce\\backend\\controllers\\authController.js:56:30)\n    at process.processTicksAndRejections (node:internal/process/task_queues:105:5)","timestamp":"2026-03-22T11:41:24.686Z"}
{"level":"info","message":"POST /api/auth/login 500 50 - 245.726 ms","service":"e_commerce-api","timestamp":"2026-03-22T11:41:24.696Z"}
{"level":"info","message":"Login endpoint hit....","service":"e_commerce-api","timestamp":"2026-03-22T11:41:29.344Z"}
{"level":"info","message":"user exist ,check user is blocked or not","service":"e_commerce-api","timestamp":"2026-03-22T11:41:29.421Z"}
{"level":"error","message":"login failed due to error:  otp is not defined","service":"e_commerce-api","stack":"ReferenceError: otp is not defined\n    at login (D:\\e-commerce\\backend\\controllers\\authController.js:56:30)\n    at process.processTicksAndRejections (node:internal/process/task_queues:105:5)","timestamp":"2026-03-22T11:41:29.523Z"}
{"level":"info","message":"POST /api/auth/login 500 50 - 189.542 ms","service":"e_commerce-api","timestamp":"2026-03-22T11:41:29.526Z"}
{"level":"info","message":"Login endpoint hit....","service":"e_commerce-api","timestamp":"2026-03-22T11:46:13.857Z"}
{"level":"info","message":"Email sent successfully to mrrajprasad5@gmail.com","messageId":"<a3c6dd8f-dc28-c1d2-17ce-bb1f551b8f04@gmail.com>","service":"e_commerce-api","timestamp":"2026-03-22T11:46:17.589Z"}
{"0":"2","1":"5","10":"O","11":"K","12":" ","13":" ","14":"1","15":"7","16":"7","17":"4","18":"1","19":"7","2":"0","20":"9","21":"9","22":"7","23":"7","24":" ","25":"4","26":"1","27":"b","28":"e","29":"0","3":" ","30":"3","31":"b","32":"0","33":"0","34":"d","35":"2","36":"f","37":"7","38":"-","39":"c","4":"2","40":"7","41":"4","42":"3","43":"a","44":"8","45":"0","46":"1","47":"6","48":"3","49":"b","5":".","50":"s","51":"m","52":"4","53":"9","54":"8","55":"9","56":"2","57":"4","58":"2","59":"a","6":"0","60":"1","61":"2","62":".","63":"1","64":" ","65":"-","66":" ","67":"g","68":"s","69":"m","7":".","70":"t","71":"p","8":"0","9":" ","level":"info","message":"Email sent:","service":"e_commerce-api","timestamp":"2026-03-22T11:46:17.591Z"}
{"level":"info","message":"admin email,otp sent to email","service":"e_commerce-api","timestamp":"2026-03-22T11:46:17.592Z"}
{"level":"info","message":"POST /api/auth/login 200 51 - 3739.593 ms","service":"e_commerce-api","timestamp":"2026-03-22T11:46:17.594Z"}
{"level":"info","message":"Using Local Redis","service":"e_commerce-api","timestamp":"2026-03-22T11:48:12.218Z"}
{"level":"info","message":"Email transporter initialized","service":"e_commerce-api","timestamp":"2026-03-22T11:48:12.368Z"}
{"level":"info","message":"Cloudinary configured successfully","service":"e_commerce-api","timestamp":"2026-03-22T11:48:13.110Z"}
{"level":"info","message":"Server is running on port 5000","service":"e_commerce-api","timestamp":"2026-03-22T11:48:13.128Z"}
{"level":"info","message":"Redis connected","service":"e_commerce-api","timestamp":"2026-03-22T11:48:13.171Z"}
{"level":"info","message":"MongoDB connected successfully: ac-tndgswv-shard-00-00.z9n5uke.mongodb.net","service":"e_commerce-api","timestamp":"2026-03-22T11:48:14.548Z"}
{"level":"info","message":"Using Local Redis","service":"e_commerce-api","timestamp":"2026-03-22T11:48:18.786Z"}
{"level":"info","message":"Email transporter initialized","service":"e_commerce-api","timestamp":"2026-03-22T11:48:18.916Z"}
{"level":"info","message":"Cloudinary configured successfully","service":"e_commerce-api","timestamp":"2026-03-22T11:48:19.436Z"}
{"level":"info","message":"Server is running on port 5000","service":"e_commerce-api","timestamp":"2026-03-22T11:48:19.450Z"}
{"level":"info","message":"Redis connected","service":"e_commerce-api","timestamp":"2026-03-22T11:48:19.464Z"}
{"level":"info","message":"MongoDB connected successfully: ac-tndgswv-shard-00-02.z9n5uke.mongodb.net","service":"e_commerce-api","timestamp":"2026-03-22T11:48:20.285Z"}
{"level":"info","message":"Login endpoint hit....","service":"e_commerce-api","timestamp":"2026-03-22T11:48:26.512Z"}
{"level":"info","message":"Email sent successfully to mrrajprasad5@gmail.com","messageId":"<d228c96e-6a4b-e370-c36d-87dfd3bb7f42@gmail.com>","service":"e_commerce-api","timestamp":"2026-03-22T11:48:30.105Z"}
{"0":"2","1":"5","10":"O","11":"K","12":" ","13":" ","14":"1","15":"7","16":"7","17":"4","18":"1","19":"8","2":"0","20":"0","21":"1","22":"0","23":"9","24":" ","25":"4","26":"1","27":"b","28":"e","29":"0","3":" ","30":"3","31":"b","32":"0","33":"0","34":"d","35":"2","36":"f","37":"7","38":"-","39":"c","4":"2","40":"7","41":"4","42":"3","43":"a","44":"8","45":"1","46":"c","47":"6","48":"f","49":"6","5":".","50":"s","51":"m","52":"5","53":"4","54":"3","55":"3","56":"5","57":"4","58":"6","59":"a","6":"0","60":"1","61":"2","62":".","63":"1","64":"4","65":" ","66":"-","67":" ","68":"g","69":"s","7":".","70":"m","71":"t","72":"p","8":"0","9":" ","level":"info","message":"Email sent:","service":"e_commerce-api","timestamp":"2026-03-22T11:48:30.106Z"}
{"level":"info","message":"admin email,otp sent to email","service":"e_commerce-api","timestamp":"2026-03-22T11:48:30.110Z"}
{"level":"info","message":"POST /api/auth/login 200 51 - 3622.825 ms","service":"e_commerce-api","timestamp":"2026-03-22T11:48:30.121Z"}
{"level":"info","message":"Using Local Redis","service":"e_commerce-api","timestamp":"2026-03-22T11:49:25.515Z"}
{"level":"info","message":"Email transporter initialized","service":"e_commerce-api","timestamp":"2026-03-22T11:49:25.633Z"}
{"level":"info","message":"Cloudinary configured successfully","service":"e_commerce-api","timestamp":"2026-03-22T11:49:26.141Z"}
{"level":"info","message":"Server is running on port 5000","service":"e_commerce-api","timestamp":"2026-03-22T11:49:26.158Z"}
{"level":"info","message":"Redis connected","service":"e_commerce-api","timestamp":"2026-03-22T11:49:26.181Z"}
{"level":"info","message":"MongoDB connected successfully: ac-tndgswv-shard-00-00.z9n5uke.mongodb.net","service":"e_commerce-api","timestamp":"2026-03-22T11:49:27.487Z"}
{"level":"info","message":"Login endpoint hit....","service":"e_commerce-api","timestamp":"2026-03-22T11:50:41.233Z"}
{"level":"info","message":"user exist ,check user is blocked or not","service":"e_commerce-api","timestamp":"2026-03-22T11:50:41.328Z"}
{"level":"error","message":"login failed due to error:  otp is not defined","service":"e_commerce-api","stack":"ReferenceError: otp is not defined\n    at login (D:\\e-commerce\\backend\\controllers\\authController.js:56:30)\n    at process.processTicksAndRejections (node:internal/process/task_queues:105:5)","timestamp":"2026-03-22T11:50:41.395Z"}
{"level":"info","message":"POST /api/auth/login 500 50 - 181.606 ms","service":"e_commerce-api","timestamp":"2026-03-22T11:50:41.403Z"}
{"level":"info","message":"Using Local Redis","service":"e_commerce-api","timestamp":"2026-03-22T12:31:38.755Z"}
{"level":"info","message":"Email transporter initialized","service":"e_commerce-api","timestamp":"2026-03-22T12:31:38.928Z"}
{"level":"info","message":"Cloudinary configured successfully","service":"e_commerce-api","timestamp":"2026-03-22T12:31:39.579Z"}
{"level":"info","message":"Server is running on port 5000","service":"e_commerce-api","timestamp":"2026-03-22T12:31:39.632Z"}
{"level":"info","message":"Redis connected","service":"e_commerce-api","timestamp":"2026-03-22T12:31:39.642Z"}
{"error":"querySrv ECONNREFUSED _mongodb._tcp.cluster0.z9n5uke.mongodb.net","level":"error","message":"MongoDB connection failed","service":"e_commerce-api","timestamp":"2026-03-22T12:31:39.665Z"}
{"level":"info","message":"Using Local Redis","service":"e_commerce-api","timestamp":"2026-03-22T13:33:05.441Z"}
{"level":"info","message":"Email transporter initialized","service":"e_commerce-api","timestamp":"2026-03-22T13:33:05.589Z"}
{"level":"info","message":"Cloudinary configured successfully","service":"e_commerce-api","timestamp":"2026-03-22T13:33:06.134Z"}
{"level":"info","message":"Server is running on port 5000","service":"e_commerce-api","timestamp":"2026-03-22T13:33:06.149Z"}
{"level":"info","message":"Redis connected","service":"e_commerce-api","timestamp":"2026-03-22T13:33:06.162Z"}
{"level":"info","message":"MongoDB connected successfully: ac-tndgswv-shard-00-02.z9n5uke.mongodb.net","service":"e_commerce-api","timestamp":"2026-03-22T13:33:28.462Z"}
{"level":"info","message":"Login endpoint hit....","service":"e_commerce-api","timestamp":"2026-03-22T13:35:07.095Z"}
{"level":"info","message":"Using Local Redis","service":"e_commerce-api","timestamp":"2026-03-22T13:35:46.895Z"}
{"level":"info","message":"Email transporter initialized","service":"e_commerce-api","timestamp":"2026-03-22T13:35:46.996Z"}
{"level":"info","message":"Cloudinary configured successfully","service":"e_commerce-api","timestamp":"2026-03-22T13:35:47.530Z"}
{"level":"info","message":"Server is running on port 5000","service":"e_commerce-api","timestamp":"2026-03-22T13:35:47.545Z"}
{"level":"info","message":"Redis connected","service":"e_commerce-api","timestamp":"2026-03-22T13:35:47.557Z"}
{"level":"info","message":"MongoDB connected successfully: ac-tndgswv-shard-00-01.z9n5uke.mongodb.net","service":"e_commerce-api","timestamp":"2026-03-22T13:35:53.146Z"}
{"level":"info","message":"Using Local Redis","service":"e_commerce-api","timestamp":"2026-03-22T13:36:04.081Z"}
{"level":"info","message":"Email transporter initialized","service":"e_commerce-api","timestamp":"2026-03-22T13:36:04.199Z"}
{"level":"info","message":"Cloudinary configured successfully","service":"e_commerce-api","timestamp":"2026-03-22T13:36:04.751Z"}
{"level":"info","message":"Server is running on port 5000","service":"e_commerce-api","timestamp":"2026-03-22T13:36:04.766Z"}
{"level":"info","message":"Redis connected","service":"e_commerce-api","timestamp":"2026-03-22T13:36:04.780Z"}
{"level":"info","message":"MongoDB connected successfully: ac-tndgswv-shard-00-01.z9n5uke.mongodb.net","service":"e_commerce-api","timestamp":"2026-03-22T13:36:07.375Z"}
{"level":"info","message":"Login endpoint hit....","service":"e_commerce-api","timestamp":"2026-03-22T13:36:12.780Z"}
{"level":"info","message":"Email sent successfully to mrrajprasad5@gmail.com","messageId":"<94d47050-cdf3-7f83-4fda-02ae870a8d56@gmail.com>","service":"e_commerce-api","timestamp":"2026-03-22T13:36:17.916Z"}
{"0":"2","1":"5","10":"O","11":"K","12":" ","13":" ","14":"1","15":"7","16":"7","17":"4","18":"1","19":"8","2":"0","20":"6","21":"5","22":"7","23":"9","24":" ","25":"d","26":"9","27":"4","28":"4","29":"3","3":" ","30":"c","31":"0","32":"1","33":"a","34":"7","35":"3","36":"3","37":"6","38":"-","39":"2","4":"2","40":"b","41":"0","42":"8","43":"3","44":"6","45":"b","46":"1","47":"5","48":"f","49":"b","5":".","50":"s","51":"m","52":"1","53":"0","54":"0","55":"7","56":"9","57":"9","58":"7","59":"7","6":"0","60":"5","61":"a","62":"d","63":".","64":"8","65":"1","66":" ","67":"-","68":" ","69":"g","7":".","70":"s","71":"m","72":"t","73":"p","8":"0","9":" ","level":"info","message":"Email sent:","service":"e_commerce-api","timestamp":"2026-03-22T13:36:17.917Z"}
{"level":"info","message":"admin email,otp sent to email","service":"e_commerce-api","timestamp":"2026-03-22T13:36:17.919Z"}
{"level":"info","message":"POST /api/auth/login 200 51 - 5163.184 ms","service":"e_commerce-api","timestamp":"2026-03-22T13:36:17.930Z"}
{"level":"info","message":"Using Local Redis","service":"e_commerce-api","timestamp":"2026-03-22T13:38:19.245Z"}
{"level":"info","message":"Email transporter initialized","service":"e_commerce-api","timestamp":"2026-03-22T13:38:19.392Z"}
{"level":"info","message":"Cloudinary configured successfully","service":"e_commerce-api","timestamp":"2026-03-22T13:38:20.027Z"}
{"level":"info","message":"Server is running on port 5000","service":"e_commerce-api","timestamp":"2026-03-22T13:38:20.042Z"}
{"level":"info","message":"Redis connected","service":"e_commerce-api","timestamp":"2026-03-22T13:38:20.057Z"}
{"level":"info","message":"MongoDB connected successfully: ac-tndgswv-shard-00-00.z9n5uke.mongodb.net","service":"e_commerce-api","timestamp":"2026-03-22T13:38:23.880Z"}
{"level":"info","message":"Login endpoint hit....","service":"e_commerce-api","timestamp":"2026-03-22T13:38:28.735Z"}
{"level":"info","message":"Email sent successfully to mrrajprasad5@gmail.com","messageId":"<ebee3a47-449a-7f44-62df-5b4bd517578e@gmail.com>","service":"e_commerce-api","timestamp":"2026-03-22T13:38:35.298Z"}
{"0":"2","1":"5","10":"O","11":"K","12":" ","13":" ","14":"1","15":"7","16":"7","17":"4","18":"1","19":"8","2":"0","20":"6","21":"7","22":"1","23":"7","24":" ","25":"d","26":"9","27":"4","28":"4","29":"3","3":" ","30":"c","31":"0","32":"1","33":"a","34":"7","35":"3","36":"3","37":"6","38":"-","39":"2","4":"2","40":"b","41":"0","42":"8","43":"3","44":"5","45":"1","46":"6","47":"8","48":"7","49":"7","5":".","50":"s","51":"m","52":"9","53":"8","54":"4","55":"1","56":"3","57":"2","58":"1","59":"5","6":"0","60":"a","61":"d","62":".","63":"1","64":"2","65":" ","66":"-","67":" ","68":"g","69":"s","7":".","70":"m","71":"t","72":"p","8":"0","9":" ","level":"info","message":"Email sent:","service":"e_commerce-api","timestamp":"2026-03-22T13:38:35.299Z"}
{"level":"info","message":"admin email,otp sent to email","service":"e_commerce-api","timestamp":"2026-03-22T13:38:35.301Z"}
{"level":"info","message":"POST /api/auth/login 200 51 - 6582.493 ms","service":"e_commerce-api","timestamp":"2026-03-22T13:38:35.306Z"}
{"level":"info","message":"Using Local Redis","service":"e_commerce-api","timestamp":"2026-03-22T13:39:13.804Z"}
{"level":"info","message":"Email transporter initialized","service":"e_commerce-api","timestamp":"2026-03-22T13:39:13.958Z"}
{"level":"info","message":"Cloudinary configured successfully","service":"e_commerce-api","timestamp":"2026-03-22T13:39:14.660Z"}
{"level":"info","message":"Server is running on port 5000","service":"e_commerce-api","timestamp":"2026-03-22T13:39:14.673Z"}
{"level":"info","message":"Redis connected","service":"e_commerce-api","timestamp":"2026-03-22T13:39:14.692Z"}
{"level":"info","message":"Using Local Redis","service":"e_commerce-api","timestamp":"2026-03-22T13:39:17.840Z"}
{"level":"info","message":"Email transporter initialized","service":"e_commerce-api","timestamp":"2026-03-22T13:39:17.963Z"}
{"level":"info","message":"Cloudinary configured successfully","service":"e_commerce-api","timestamp":"2026-03-22T13:39:18.555Z"}
{"level":"info","message":"Server is running on port 5000","service":"e_commerce-api","timestamp":"2026-03-22T13:39:18.571Z"}
{"level":"info","message":"Redis connected","service":"e_commerce-api","timestamp":"2026-03-22T13:39:18.595Z"}
{"level":"info","message":"MongoDB connected successfully: ac-tndgswv-shard-00-01.z9n5uke.mongodb.net","service":"e_commerce-api","timestamp":"2026-03-22T13:39:20.683Z"}
{"level":"info","message":"Login endpoint hit....","service":"e_commerce-api","timestamp":"2026-03-22T13:39:25.635Z"}
{"level":"info","message":"Email sent successfully to mrrajprasad5@gmail.com","messageId":"<31848e42-575c-4290-c995-6d5891b41e70@gmail.com>","service":"e_commerce-api","timestamp":"2026-03-22T13:39:30.413Z"}
{"0":"2","1":"5","10":"O","11":"K","12":" ","13":" ","14":"1","15":"7","16":"7","17":"4","18":"1","19":"8","2":"0","20":"6","21":"7","22":"7","23":"2","24":" ","25":"d","26":"9","27":"4","28":"4","29":"3","3":" ","30":"c","31":"0","32":"1","33":"a","34":"7","35":"3","36":"3","37":"6","38":"-","39":"2","4":"2","40":"b","41":"0","42":"8","43":"3","44":"5","45":"4","46":"b","47":"b","48":"7","49":"6","5":".","50":"s","51":"m","52":"8","53":"1","54":"0","55":"1","56":"7","57":"7","58":"0","59":"5","6":"0","60":"a","61":"d","62":".","63":"3","64":"4","65":" ","66":"-","67":" ","68":"g","69":"s","7":".","70":"m","71":"t","72":"p","8":"0","9":" ","level":"info","message":"Email sent:","service":"e_commerce-api","timestamp":"2026-03-22T13:39:30.415Z"}
{"level":"info","message":"admin email,otp sent to email","service":"e_commerce-api","timestamp":"2026-03-22T13:39:30.419Z"}
{"level":"info","message":"POST /api/auth/login 200 51 - 4801.390 ms","service":"e_commerce-api","timestamp":"2026-03-22T13:39:30.427Z"}
{"level":"info","message":"Using Local Redis","service":"e_commerce-api","timestamp":"2026-03-22T13:40:00.563Z"}
{"level":"info","message":"Email transporter initialized","service":"e_commerce-api","timestamp":"2026-03-22T13:40:00.685Z"}
{"level":"info","message":"Cloudinary configured successfully","service":"e_commerce-api","timestamp":"2026-03-22T13:40:01.196Z"}
{"level":"info","message":"Server is running on port 5000","service":"e_commerce-api","timestamp":"2026-03-22T13:40:01.207Z"}
{"level":"info","message":"Redis connected","service":"e_commerce-api","timestamp":"2026-03-22T13:40:01.228Z"}
{"level":"info","message":"Using Local Redis","service":"e_commerce-api","timestamp":"2026-03-22T13:40:03.037Z"}
{"level":"info","message":"Email transporter initialized","service":"e_commerce-api","timestamp":"2026-03-22T13:40:03.161Z"}
{"level":"info","message":"Cloudinary configured successfully","service":"e_commerce-api","timestamp":"2026-03-22T13:40:03.707Z"}
{"level":"info","message":"Server is running on port 5000","service":"e_commerce-api","timestamp":"2026-03-22T13:40:03.719Z"}
{"level":"info","message":"Redis connected","service":"e_commerce-api","timestamp":"2026-03-22T13:40:03.741Z"}
{"level":"info","message":"MongoDB connected successfully: ac-tndgswv-shard-00-02.z9n5uke.mongodb.net","service":"e_commerce-api","timestamp":"2026-03-22T13:40:05.465Z"}
{"level":"info","message":"Login endpoint hit....","service":"e_commerce-api","timestamp":"2026-03-22T13:40:09.225Z"}
{"level":"info","message":"Email sent successfully to mrrajprasad5@gmail.com","messageId":"<144485b1-f26a-6731-2abd-d6f32b810f9c@gmail.com>","service":"e_commerce-api","timestamp":"2026-03-22T13:40:15.270Z"}
{"0":"2","1":"5","10":"O","11":"K","12":" ","13":" ","14":"1","15":"7","16":"7","17":"4","18":"1","19":"8","2":"0","20":"6","21":"8","22":"1","23":"6","24":" ","25":"9","26":"8","27":"e","28":"6","29":"7","3":" ","30":"e","31":"d","32":"5","33":"9","34":"e","35":"1","36":"d","37":"1","38":"-","39":"3","4":"2","40":"5","41":"b","42":"d","43":"3","44":"e","45":"b","46":"4","47":"6","48":"b","49":"2","5":".","50":"s","51":"m","52":"7","53":"1","54":"1","55":"3","56":"3","57":"9","58":"4","59":"a","6":"0","60":"9","61":"1","62":".","63":"2","64":" ","65":"-","66":" ","67":"g","68":"s","69":"m","7":".","70":"t","71":"p","8":"0","9":" ","level":"info","message":"Email sent:","service":"e_commerce-api","timestamp":"2026-03-22T13:40:15.271Z"}
{"level":"info","message":"admin email,otp sent to email","service":"e_commerce-api","timestamp":"2026-03-22T13:40:15.272Z"}
{"level":"info","message":"POST /api/auth/login 200 51 - 6064.596 ms","service":"e_commerce-api","timestamp":"2026-03-22T13:40:15.279Z"}
{"level":"info","message":"Using Local Redis","service":"e_commerce-api","timestamp":"2026-03-22T13:40:39.861Z"}
{"level":"info","message":"Email transporter initialized","service":"e_commerce-api","timestamp":"2026-03-22T13:40:40.005Z"}
{"level":"info","message":"Cloudinary configured successfully","service":"e_commerce-api","timestamp":"2026-03-22T13:40:40.586Z"}
{"level":"info","message":"Server is running on port 5000","service":"e_commerce-api","timestamp":"2026-03-22T13:40:40.604Z"}
{"level":"info","message":"Redis connected","service":"e_commerce-api","timestamp":"2026-03-22T13:40:40.624Z"}
{"level":"info","message":"MongoDB connected successfully: ac-tndgswv-shard-00-01.z9n5uke.mongodb.net","service":"e_commerce-api","timestamp":"2026-03-22T13:40:42.947Z"}
{"level":"info","message":"Using Local Redis","service":"e_commerce-api","timestamp":"2026-03-22T13:42:31.200Z"}
{"level":"info","message":"Email transporter initialized","service":"e_commerce-api","timestamp":"2026-03-22T13:42:31.300Z"}
{"level":"info","message":"Cloudinary configured successfully","service":"e_commerce-api","timestamp":"2026-03-22T13:42:31.728Z"}
{"level":"info","message":"Server is running on port 5000","service":"e_commerce-api","timestamp":"2026-03-22T13:42:31.739Z"}
{"level":"info","message":"Redis connected","service":"e_commerce-api","timestamp":"2026-03-22T13:42:31.748Z"}
{"level":"info","message":"MongoDB connected successfully: ac-tndgswv-shard-00-01.z9n5uke.mongodb.net","service":"e_commerce-api","timestamp":"2026-03-22T13:42:33.443Z"}
{"level":"info","message":"Login endpoint hit....","service":"e_commerce-api","timestamp":"2026-03-22T13:42:38.526Z"}
{"level":"info","message":"Email sent successfully to mrrajprasad5@gmail.com","messageId":"<e391bf63-7122-51d6-659c-8b13bf70df87@gmail.com>","service":"e_commerce-api","timestamp":"2026-03-22T13:42:43.240Z"}
{"0":"2","1":"5","10":"O","11":"K","12":" ","13":" ","14":"1","15":"7","16":"7","17":"4","18":"1","19":"8","2":"0","20":"6","21":"9","22":"6","23":"4","24":" ","25":"4","26":"1","27":"b","28":"e","29":"0","3":" ","30":"3","31":"b","32":"0","33":"0","34":"d","35":"2","36":"f","37":"7","38":"-","39":"c","4":"2","40":"7","41":"4","42":"4","43":"4","44":"3","45":"c","46":"c","47":"9","48":"e","49":"d","5":".","50":"s","51":"m","52":"5","53":"6","54":"6","55":"6","56":"4","57":"7","58":"6","59":"a","6":"0","60":"1","61":"2","62":".","63":"2","64":"3","65":" ","66":"-","67":" ","68":"g","69":"s","7":".","70":"m","71":"t","72":"p","8":"0","9":" ","level":"info","message":"Email sent:","service":"e_commerce-api","timestamp":"2026-03-22T13:42:43.241Z"}
{"level":"info","message":"admin email,otp sent to email","service":"e_commerce-api","timestamp":"2026-03-22T13:42:43.245Z"}
{"level":"info","message":"POST /api/auth/login 200 51 - 4736.843 ms","service":"e_commerce-api","timestamp":"2026-03-22T13:42:43.253Z"}
{"level":"info","message":"Using Local Redis","service":"e_commerce-api","timestamp":"2026-03-22T13:46:15.661Z"}
{"level":"info","message":"Email transporter initialized","service":"e_commerce-api","timestamp":"2026-03-22T13:46:15.811Z"}
{"level":"info","message":"Cloudinary configured successfully","service":"e_commerce-api","timestamp":"2026-03-22T13:46:16.534Z"}
{"level":"info","message":"Server is running on port 5000","service":"e_commerce-api","timestamp":"2026-03-22T13:46:16.559Z"}
{"level":"info","message":"Redis connected","service":"e_commerce-api","timestamp":"2026-03-22T13:46:16.575Z"}
{"level":"info","message":"MongoDB connected successfully: ac-tndgswv-shard-00-02.z9n5uke.mongodb.net","service":"e_commerce-api","timestamp":"2026-03-22T13:46:18.331Z"}
{"level":"info","message":"Login endpoint hit....","service":"e_commerce-api","timestamp":"2026-03-22T13:46:24.618Z"}
{"level":"info","message":"Email sent successfully to mrrajprasad5@gmail.com","messageId":"<54b1a535-212b-88e1-60b1-ee86f43805b6@gmail.com>","service":"e_commerce-api","timestamp":"2026-03-22T13:46:29.432Z"}
{"0":"2","1":"5","10":"O","11":"K","12":" ","13":" ","14":"1","15":"7","16":"7","17":"4","18":"1","19":"8","2":"0","20":"7","21":"1","22":"9","23":"1","24":" ","25":"9","26":"8","27":"e","28":"6","29":"7","3":" ","30":"e","31":"d","32":"5","33":"9","34":"e","35":"1","36":"d","37":"1","38":"-","39":"3","4":"2","40":"5","41":"b","42":"d","43":"2","44":"5","45":"f","46":"b","47":"8","48":"f","49":"b","5":".","50":"s","51":"m","52":"2","53":"5","54":"4","55":"5","56":"3","57":"3","58":"3","59":"a","6":"0","60":"9","61":"1","62":".","63":"1","64":" ","65":"-","66":" ","67":"g","68":"s","69":"m","7":".","70":"t","71":"p","8":"0","9":" ","level":"info","message":"Email sent:","service":"e_commerce-api","timestamp":"2026-03-22T13:46:29.433Z"}
{"level":"info","message":"admin email,otp sent to email","service":"e_commerce-api","timestamp":"2026-03-22T13:46:29.435Z"}
{"level":"info","message":"POST /api/auth/login 200 98 - 4832.421 ms","service":"e_commerce-api","timestamp":"2026-03-22T13:46:29.440Z"}
{"level":"info","message":"verify otp endpoint hit.....","service":"e_commerce-api","timestamp":"2026-03-22T13:47:54.899Z"}
{"level":"info","message":"otp verify sucessfully","service":"e_commerce-api","timestamp":"2026-03-22T13:47:54.901Z"}
{"level":"info","message":"Generating tokens for user: mrrajprasad5@gmail.com","service":"e_commerce-api","timestamp":"2026-03-22T13:47:54.902Z"}
{"level":"info","message":"Tokens generated successfully for userId: 69b94b189d63e6f19fa9736b","service":"e_commerce-api","timestamp":"2026-03-22T13:47:55.392Z"}
{"level":"info","message":"POST /api/auth/verify 200 405 - 498.043 ms","service":"e_commerce-api","timestamp":"2026-03-22T13:47:55.394Z"}
{"level":"info","message":"Login endpoint hit....","service":"e_commerce-api","timestamp":"2026-03-22T14:00:28.341Z"}
{"level":"warn","message":"User does not exist,store the email and role as buyer","service":"e_commerce-api","timestamp":"2026-03-22T14:00:28.528Z"}
{"level":"error","message":"login failed due to error:  otp is not defined","service":"e_commerce-api","stack":"ReferenceError: otp is not defined\n    at login (D:\\e-commerce\\backend\\controllers\\authController.js:57:30)\n    at process.processTicksAndRejections (node:internal/process/task_queues:105:5)","timestamp":"2026-03-22T14:00:28.733Z"}
{"level":"info","message":"POST /api/auth/login 500 50 - 399.961 ms","service":"e_commerce-api","timestamp":"2026-03-22T14:00:28.737Z"}
{"level":"info","message":"Using Local Redis","service":"e_commerce-api","timestamp":"2026-03-22T14:09:53.532Z"}
{"level":"info","message":"Email transporter initialized","service":"e_commerce-api","timestamp":"2026-03-22T14:09:53.652Z"}
{"level":"info","message":"Cloudinary configured successfully","service":"e_commerce-api","timestamp":"2026-03-22T14:09:54.232Z"}
{"level":"info","message":"Server is running on port 5000","service":"e_commerce-api","timestamp":"2026-03-22T14:09:54.244Z"}
{"level":"info","message":"Redis connected","service":"e_commerce-api","timestamp":"2026-03-22T14:09:54.278Z"}
{"error":"querySrv ECONNREFUSED _mongodb._tcp.cluster0.z9n5uke.mongodb.net","level":"error","message":"MongoDB connection failed","service":"e_commerce-api","timestamp":"2026-03-22T14:09:54.299Z"}
{"level":"info","message":"Using Local Redis","service":"e_commerce-api","timestamp":"2026-03-23T03:29:04.644Z"}
{"level":"info","message":"Email transporter initialized","service":"e_commerce-api","timestamp":"2026-03-23T03:29:04.835Z"}
{"level":"info","message":"Cloudinary configured successfully","service":"e_commerce-api","timestamp":"2026-03-23T03:29:05.538Z"}
{"level":"info","message":"Server is running on port 5000","service":"e_commerce-api","timestamp":"2026-03-23T03:29:05.549Z"}
{"level":"info","message":"Redis connected","service":"e_commerce-api","timestamp":"2026-03-23T03:29:05.560Z"}
{"level":"info","message":"MongoDB connected successfully: ac-tndgswv-shard-00-01.z9n5uke.mongodb.net","service":"e_commerce-api","timestamp":"2026-03-23T03:29:07.561Z"}
{"level":"info","message":"Login endpoint hit....","service":"e_commerce-api","timestamp":"2026-03-23T03:29:46.274Z"}
{"level":"info","message":"user exist ,check user is blocked or not","service":"e_commerce-api","timestamp":"2026-03-23T03:29:46.403Z"}
{"level":"info","message":"Email sent successfully to kumarsurya45394@gmail.com","messageId":"<386130f0-848a-85c7-44e6-45adb67a04c6@gmail.com>","service":"e_commerce-api","timestamp":"2026-03-23T03:29:49.953Z"}
{"0":"2","1":"5","10":"O","11":"K","12":" ","13":" ","14":"1","15":"7","16":"7","17":"4","18":"2","19":"3","2":"0","20":"6","21":"5","22":"8","23":"9","24":" ","25":"d","26":"9","27":"4","28":"4","29":"3","3":" ","30":"c","31":"0","32":"1","33":"a","34":"7","35":"3","36":"3","37":"6","38":"-","39":"2","4":"2","40":"b","41":"0","42":"8","43":"3","44":"6","45":"5","46":"6","47":"b","48":"6","49":"7","5":".","50":"s","51":"m","52":"1","53":"1","54":"5","55":"0","56":"3","57":"4","58":"7","59":"5","6":"0","60":"5","61":"a","62":"d","63":".","64":"3","65":"8","66":" ","67":"-","68":" ","69":"g","7":".","70":"s","71":"m","72":"t","73":"p","8":"0","9":" ","level":"info","message":"Email sent:","service":"e_commerce-api","timestamp":"2026-03-23T03:29:49.955Z"}
{"level":"info","message":"POST /api/auth/login 200 97 - 3703.035 ms","service":"e_commerce-api","timestamp":"2026-03-23T03:29:49.960Z"}
{"level":"info","message":"verify otp endpoint hit.....","service":"e_commerce-api","timestamp":"2026-03-23T03:30:14.420Z"}
{"level":"info","message":"otp verify sucessfully","service":"e_commerce-api","timestamp":"2026-03-23T03:30:14.422Z"}
{"level":"info","message":"Generating tokens for user: kumarsurya45394@gmail.com","service":"e_commerce-api","timestamp":"2026-03-23T03:30:14.423Z"}
{"level":"info","message":"Tokens generated successfully for userId: 69bff5fc3b15523e70338269","service":"e_commerce-api","timestamp":"2026-03-23T03:30:14.588Z"}
{"level":"info","message":"POST /api/auth/verify 200 409 - 176.419 ms","service":"e_commerce-api","timestamp":"2026-03-23T03:30:14.590Z"}
{"level":"info","message":"authenticate endpoin hit","service":"e_commerce-api","timestamp":"2026-03-23T03:30:14.599Z"}
{"level":"info","message":"authenticated successfully","service":"e_commerce-api","timestamp":"2026-03-23T03:30:14.604Z"}
{"level":"info","message":"buyer auth middleware endpoint hit","service":"e_commerce-api","timestamp":"2026-03-23T03:30:14.605Z"}
{"level":"info","message":"buyer authenticated","service":"e_commerce-api","timestamp":"2026-03-23T03:30:14.605Z"}
{"level":"info","message":"get- profile endpoint  hit","service":"e_commerce-api","timestamp":"2026-03-23T03:30:14.606Z"}
{"level":"info","message":"user data successfully find ","service":"e_commerce-api","timestamp":"2026-03-23T03:30:14.672Z"}
{"level":"info","message":"GET /api/users/profile 200 293 - 77.605 ms","service":"e_commerce-api","timestamp":"2026-03-23T03:30:14.675Z"}
{"level":"info","message":"get all products endpoint hit","service":"e_commerce-api","timestamp":"2026-03-23T03:30:22.505Z"}
{"level":"info","message":"GET /api/product/all 200 61 - 82.828 ms","service":"e_commerce-api","timestamp":"2026-03-23T03:30:22.588Z"}
{"level":"info","message":"authenticate endpoin hit","service":"e_commerce-api","timestamp":"2026-03-23T03:30:45.722Z"}
{"level":"info","message":"authenticated successfully","service":"e_commerce-api","timestamp":"2026-03-23T03:30:45.724Z"}
{"level":"info","message":"buyer auth middleware endpoint hit","service":"e_commerce-api","timestamp":"2026-03-23T03:30:45.725Z"}
{"level":"info","message":"buyer authenticated","service":"e_commerce-api","timestamp":"2026-03-23T03:30:45.726Z"}
{"level":"info","message":"get user orders endpoint hit","service":"e_commerce-api","timestamp":"2026-03-23T03:30:45.726Z"}
{"level":"error","message":"order not found","service":"e_commerce-api","timestamp":"2026-03-23T03:30:45.791Z"}
{"level":"info","message":"GET /api/shopease/my-orders 400 45 - 71.835 ms","service":"e_commerce-api","timestamp":"2026-03-23T03:30:45.793Z"}
{"level":"info","message":"logout user endpoint hit...","service":"e_commerce-api","timestamp":"2026-03-23T03:31:17.070Z"}
{"level":"info","message":"refresh token deleted successfully for logout","service":"e_commerce-api","timestamp":"2026-03-23T03:31:17.371Z"}
{"level":"info","message":"POST /api/auth/logout 200 51 - 305.835 ms","service":"e_commerce-api","timestamp":"2026-03-23T03:31:17.373Z"}
{"level":"info","message":"Login endpoint hit....","service":"e_commerce-api","timestamp":"2026-03-23T03:32:05.620Z"}
{"level":"info","message":"Email sent successfully to mrrajprasad5@gmail.com","messageId":"<d32e527e-2b03-8a77-f523-45871f39999b@gmail.com>","service":"e_commerce-api","timestamp":"2026-03-23T03:32:08.767Z"}
{"0":"2","1":"5","10":"O","11":"K","12":" ","13":" ","14":"1","15":"7","16":"7","17":"4","18":"2","19":"3","2":"0","20":"6","21":"7","22":"2","23":"8","24":" ","25":"d","26":"9","27":"4","28":"4","29":"3","3":" ","30":"c","31":"0","32":"1","33":"a","34":"7","35":"3","36":"3","37":"6","38":"-","39":"2","4":"2","40":"b","41":"0","42":"8","43":"3","44":"5","45":"1","46":"6","47":"1","48":"a","49":"0","5":".","50":"s","51":"m","52":"1","53":"0","54":"9","55":"5","56":"5","57":"3","58":"3","59":"6","6":"0","60":"5","61":"a","62":"d","63":".","64":"1","65":"0","66":" ","67":"-","68":" ","69":"g","7":".","70":"s","71":"m","72":"t","73":"p","8":"0","9":" ","level":"info","message":"Email sent:","service":"e_commerce-api","timestamp":"2026-03-23T03:32:08.768Z"}
{"level":"info","message":"admin email,otp sent to email","service":"e_commerce-api","timestamp":"2026-03-23T03:32:08.769Z"}
{"level":"info","message":"POST /api/auth/login 200 98 - 3154.723 ms","service":"e_commerce-api","timestamp":"2026-03-23T03:32:08.770Z"}
{"level":"info","message":"verify otp endpoint hit.....","service":"e_commerce-api","timestamp":"2026-03-23T03:32:34.386Z"}
{"level":"info","message":"otp verify sucessfully","service":"e_commerce-api","timestamp":"2026-03-23T03:32:34.388Z"}
{"level":"info","message":"Generating tokens for user: mrrajprasad5@gmail.com","service":"e_commerce-api","timestamp":"2026-03-23T03:32:34.390Z"}
{"level":"warn","message":"Token generation failed - user not found: mrrajprasad5@gmail.com","service":"e_commerce-api","timestamp":"2026-03-23T03:32:34.452Z"}
{"0":"U","1":"s","10":"o","11":"u","12":"n","13":"d","2":"e","3":"r","4":" ","5":"n","6":"o","7":"t","8":" ","9":"f","level":"error","message":"Error generating tokens:","service":"e_commerce-api","timestamp":"2026-03-23T03:32:34.453Z"}
{"level":"error","message":"verify-otp failed due to error:  User not found","service":"e_commerce-api","stack":"Error: User not found\n    at generateTokens (D:\\e-commerce\\backend\\utils\\generateTokens.js:14:19)\n    at process.processTicksAndRejections (node:internal/process/task_queues:105:5)\n    at async verifyOtp (D:\\e-commerce\\backend\\controllers\\authController.js:123:42)","timestamp":"2026-03-23T03:32:34.454Z"}
{"level":"info","message":"POST /api/auth/verify 500 50 - 72.683 ms","service":"e_commerce-api","timestamp":"2026-03-23T03:32:34.456Z"}
{"level":"info","message":"verify otp endpoint hit.....","service":"e_commerce-api","timestamp":"2026-03-23T03:32:41.582Z"}
{"level":"warn","message":"token and otp not present in redis","service":"e_commerce-api","timestamp":"2026-03-23T03:32:41.584Z"}
{"level":"info","message":"POST /api/auth/verify 400 57 - 8.481 ms","service":"e_commerce-api","timestamp":"2026-03-23T03:32:41.587Z"}
{"level":"info","message":"Login endpoint hit....","service":"e_commerce-api","timestamp":"2026-03-23T03:33:45.907Z"}
{"level":"info","message":"Email sent successfully to mrrajprasad5@gmail.com","messageId":"<8f8b83f4-28b0-ba5b-8065-73d085dd2ea6@gmail.com>","service":"e_commerce-api","timestamp":"2026-03-23T03:33:49.450Z"}
{"0":"2","1":"5","10":"O","11":"K","12":" ","13":" ","14":"1","15":"7","16":"7","17":"4","18":"2","19":"3","2":"0","20":"6","21":"8","22":"2","23":"9","24":" ","25":"d","26":"9","27":"4","28":"4","29":"3","3":" ","30":"c","31":"0","32":"1","33":"a","34":"7","35":"3","36":"3","37":"6","38":"-","39":"2","4":"2","40":"b","41":"0","42":"8","43":"3","44":"5","45":"4","46":"b","47":"b","48":"7","49":"6","5":".","50":"s","51":"m","52":"9","53":"4","54":"7","55":"3","56":"5","57":"0","58":"6","59":"5","6":"0","60":"a","61":"d","62":".","63":"3","64":"4","65":" ","66":"-","67":" ","68":"g","69":"s","7":".","70":"m","71":"t","72":"p","8":"0","9":" ","level":"info","message":"Email sent:","service":"e_commerce-api","timestamp":"2026-03-23T03:33:49.451Z"}
{"level":"info","message":"admin email,otp sent to email","service":"e_commerce-api","timestamp":"2026-03-23T03:33:49.452Z"}
{"level":"info","message":"POST /api/auth/login 200 98 - 3551.154 ms","service":"e_commerce-api","timestamp":"2026-03-23T03:33:49.454Z"}
{"level":"info","message":"verify otp endpoint hit.....","service":"e_commerce-api","timestamp":"2026-03-23T03:34:13.870Z"}
{"level":"info","message":"otp verify sucessfully","service":"e_commerce-api","timestamp":"2026-03-23T03:34:13.872Z"}
{"level":"info","message":"Generating tokens for user: mrrajprasad5@gmail.com","service":"e_commerce-api","timestamp":"2026-03-23T03:34:13.874Z"}
{"level":"warn","message":"Token generation failed - user not found: mrrajprasad5@gmail.com","service":"e_commerce-api","timestamp":"2026-03-23T03:34:13.952Z"}
{"0":"U","1":"s","10":"o","11":"u","12":"n","13":"d","2":"e","3":"r","4":" ","5":"n","6":"o","7":"t","8":" ","9":"f","level":"error","message":"Error generating tokens:","service":"e_commerce-api","timestamp":"2026-03-23T03:34:13.952Z"}
{"level":"error","message":"verify-otp failed due to error:  User not found","service":"e_commerce-api","stack":"Error: User not found\n    at generateTokens (D:\\e-commerce\\backend\\utils\\generateTokens.js:14:19)\n    at process.processTicksAndRejections (node:internal/process/task_queues:105:5)\n    at async verifyOtp (D:\\e-commerce\\backend\\controllers\\authController.js:123:42)","timestamp":"2026-03-23T03:34:13.953Z"}
{"level":"info","message":"POST /api/auth/verify 500 50 - 86.446 ms","service":"e_commerce-api","timestamp":"2026-03-23T03:34:13.955Z"}
{"level":"info","message":"Using Local Redis","service":"e_commerce-api","timestamp":"2026-03-23T04:01:59.053Z"}
{"level":"info","message":"Email transporter initialized","service":"e_commerce-api","timestamp":"2026-03-23T04:01:59.184Z"}
{"level":"info","message":"Cloudinary configured successfully","service":"e_commerce-api","timestamp":"2026-03-23T04:01:59.796Z"}
{"level":"info","message":"Server is running on port 5000","service":"e_commerce-api","timestamp":"2026-03-23T04:01:59.830Z"}
{"level":"info","message":"Redis connected","service":"e_commerce-api","timestamp":"2026-03-23T04:01:59.840Z"}
{"level":"info","message":"MongoDB connected successfully: ac-tndgswv-shard-00-00.z9n5uke.mongodb.net","service":"e_commerce-api","timestamp":"2026-03-23T04:02:01.171Z"}
{"level":"info","message":"Login endpoint hit....","service":"e_commerce-api","timestamp":"2026-03-23T04:03:27.584Z"}
{"level":"info","message":"Email sent successfully to mrrajprasad5@gmail.com","messageId":"<16f5c180-7f44-766a-5010-7141414fc3ba@gmail.com>","service":"e_commerce-api","timestamp":"2026-03-23T04:03:31.790Z"}
{"0":"2","1":"5","10":"O","11":"K","12":" ","13":" ","14":"1","15":"7","16":"7","17":"4","18":"2","19":"3","2":"0","20":"8","21":"6","22":"1","23":"4","24":" ","25":"d","26":"9","27":"4","28":"4","29":"3","3":" ","30":"c","31":"0","32":"1","33":"a","34":"7","35":"3","36":"3","37":"6","38":"-","39":"2","4":"2","40":"b","41":"0","42":"8","43":"3","44":"6","45":"7","46":"4","47":"4","48":"a","49":"5","5":".","50":"s","51":"m","52":"9","53":"2","54":"8","55":"6","56":"7","57":"3","58":"9","59":"5","6":"0","60":"a","61":"d","62":".","63":"6","64":"3","65":" ","66":"-","67":" ","68":"g","69":"s","7":".","70":"m","71":"t","72":"p","8":"0","9":" ","level":"info","message":"Email sent:","service":"e_commerce-api","timestamp":"2026-03-23T04:03:31.792Z"}
{"level":"info","message":"admin email,otp sent to email","service":"e_commerce-api","timestamp":"2026-03-23T04:03:31.794Z"}
{"level":"info","message":"POST /api/auth/login 200 98 - 4244.272 ms","service":"e_commerce-api","timestamp":"2026-03-23T04:03:31.802Z"}
{"level":"info","message":"verify otp endpoint hit.....","service":"e_commerce-api","timestamp":"2026-03-23T04:03:51.816Z"}
{"level":"info","message":"otp verify sucessfully","service":"e_commerce-api","timestamp":"2026-03-23T04:03:51.822Z"}
{"level":"info","message":"Generating tokens for user: mrrajprasad5@gmail.com","service":"e_commerce-api","timestamp":"2026-03-23T04:03:51.824Z"}
{"level":"warn","message":"Token generation failed - user not found: mrrajprasad5@gmail.com","service":"e_commerce-api","timestamp":"2026-03-23T04:03:51.942Z"}
{"0":"U","1":"s","10":"o","11":"u","12":"n","13":"d","2":"e","3":"r","4":" ","5":"n","6":"o","7":"t","8":" ","9":"f","level":"error","message":"Error generating tokens:","service":"e_commerce-api","timestamp":"2026-03-23T04:03:51.944Z"}
{"level":"error","message":"verify-otp failed due to error:  User not found","service":"e_commerce-api","stack":"Error: User not found\n    at generateTokens (D:\\e-commerce\\backend\\utils\\generateTokens.js:17:19)\n    at process.processTicksAndRejections (node:internal/process/task_queues:105:5)\n    at async verifyOtp (D:\\e-commerce\\backend\\controllers\\authController.js:123:42)","timestamp":"2026-03-23T04:03:51.945Z"}
{"level":"info","message":"POST /api/auth/verify 500 50 - 141.282 ms","service":"e_commerce-api","timestamp":"2026-03-23T04:03:51.948Z"}
{"level":"info","message":"Using Local Redis","service":"e_commerce-api","timestamp":"2026-03-23T04:06:57.380Z"}
{"level":"info","message":"Email transporter initialized","service":"e_commerce-api","timestamp":"2026-03-23T04:06:57.502Z"}
{"level":"info","message":"Cloudinary configured successfully","service":"e_commerce-api","timestamp":"2026-03-23T04:06:58.023Z"}
{"level":"info","message":"Server is running on port 5000","service":"e_commerce-api","timestamp":"2026-03-23T04:06:58.037Z"}
{"level":"info","message":"Redis connected","service":"e_commerce-api","timestamp":"2026-03-23T04:06:58.054Z"}
{"level":"info","message":"MongoDB connected successfully: ac-tndgswv-shard-00-00.z9n5uke.mongodb.net","service":"e_commerce-api","timestamp":"2026-03-23T04:06:59.475Z"}
{"level":"info","message":"verify otp endpoint hit.....","service":"e_commerce-api","timestamp":"2026-03-23T04:07:05.417Z"}
{"level":"warn","message":"token and otp not present in redis","service":"e_commerce-api","timestamp":"2026-03-23T04:07:05.418Z"}
{"level":"info","message":"POST /api/auth/verify 400 57 - 21.488 ms","service":"e_commerce-api","timestamp":"2026-03-23T04:07:05.428Z"}
{"level":"info","message":"Login endpoint hit....","service":"e_commerce-api","timestamp":"2026-03-23T04:07:39.781Z"}
{"level":"info","message":"Email sent successfully to mrrajprasad5@gmail.com","messageId":"<f0e9678e-45dc-f1bb-b0b7-f4630e61bc6a@gmail.com>","service":"e_commerce-api","timestamp":"2026-03-23T04:07:43.398Z"}
{"0":"2","1":"5","10":"O","11":"K","12":" ","13":" ","14":"1","15":"7","16":"7","17":"4","18":"2","19":"3","2":"0","20":"8","21":"8","22":"6","23":"6","24":" ","25":"d","26":"2","27":"e","28":"1","29":"a","3":" ","30":"7","31":"2","32":"f","33":"c","34":"c","35":"a","36":"5","37":"8","38":"-","39":"8","4":"2","40":"2","41":"b","42":"0","43":"4","44":"0","45":"d","46":"a","47":"7","48":"b","49":"e","5":".","50":"s","51":"m","52":"7","53":"6","54":"7","55":"3","56":"2","57":"0","58":"3","59":"b","6":"0","60":"3","61":"a","62":".","63":"4","64":"9","65":" ","66":"-","67":" ","68":"g","69":"s","7":".","70":"m","71":"t","72":"p","8":"0","9":" ","level":"info","message":"Email sent:","service":"e_commerce-api","timestamp":"2026-03-23T04:07:43.400Z"}
{"level":"info","message":"admin email,otp sent to email","service":"e_commerce-api","timestamp":"2026-03-23T04:07:43.402Z"}
{"level":"info","message":"POST /api/auth/login 200 98 - 3630.890 ms","service":"e_commerce-api","timestamp":"2026-03-23T04:07:43.404Z"}
{"level":"info","message":"verify otp endpoint hit.....","service":"e_commerce-api","timestamp":"2026-03-23T04:07:55.566Z"}
{"level":"info","message":"otp verify sucessfully","service":"e_commerce-api","timestamp":"2026-03-23T04:07:55.568Z"}
{"level":"info","message":"Generating tokens for user: mrrajprasad5@gmail.com","service":"e_commerce-api","timestamp":"2026-03-23T04:07:55.570Z"}
{"level":"warn","message":"Token generation failed - user not found: mrrajprasad5@gmail.com","service":"e_commerce-api","timestamp":"2026-03-23T04:07:55.790Z"}
{"0":"U","1":"s","10":"o","11":"u","12":"n","13":"d","2":"e","3":"r","4":" ","5":"n","6":"o","7":"t","8":" ","9":"f","level":"error","message":"Error generating tokens:","service":"e_commerce-api","timestamp":"2026-03-23T04:07:55.792Z"}
{"level":"error","message":"verify-otp failed due to error:  User not found","service":"e_commerce-api","stack":"Error: User not found\n    at generateTokens (D:\\e-commerce\\backend\\utils\\generateTokens.js:18:19)\n    at process.processTicksAndRejections (node:internal/process/task_queues:105:5)\n    at async verifyOtp (D:\\e-commerce\\backend\\controllers\\authController.js:123:42)","timestamp":"2026-03-23T04:07:55.794Z"}
{"level":"info","message":"POST /api/auth/verify 500 50 - 234.403 ms","service":"e_commerce-api","timestamp":"2026-03-23T04:07:55.797Z"}
{"level":"info","message":"Using Local Redis","service":"e_commerce-api","timestamp":"2026-03-23T04:08:59.096Z"}
{"level":"info","message":"Email transporter initialized","service":"e_commerce-api","timestamp":"2026-03-23T04:08:59.203Z"}
{"level":"info","message":"Cloudinary configured successfully","service":"e_commerce-api","timestamp":"2026-03-23T04:08:59.675Z"}
{"level":"info","message":"Server is running on port 5000","service":"e_commerce-api","timestamp":"2026-03-23T04:08:59.689Z"}
{"level":"info","message":"Redis connected","service":"e_commerce-api","timestamp":"2026-03-23T04:08:59.713Z"}
{"level":"info","message":"MongoDB connected successfully: ac-tndgswv-shard-00-00.z9n5uke.mongodb.net","service":"e_commerce-api","timestamp":"2026-03-23T04:09:01.028Z"}
{"level":"info","message":"Login endpoint hit....","service":"e_commerce-api","timestamp":"2026-03-23T04:09:11.272Z"}
{"level":"info","message":"Email sent successfully to mrrajprasad5@gmail.com","messageId":"<eed9c091-bff5-ae7f-2586-fdc699a6f995@gmail.com>","service":"e_commerce-api","timestamp":"2026-03-23T04:09:15.074Z"}
{"0":"2","1":"5","10":"O","11":"K","12":" ","13":" ","14":"1","15":"7","16":"7","17":"4","18":"2","19":"3","2":"0","20":"8","21":"9","22":"5","23":"7","24":" ","25":"9","26":"8","27":"e","28":"6","29":"7","3":" ","30":"e","31":"d","32":"5","33":"9","34":"e","35":"1","36":"d","37":"1","38":"-","39":"3","4":"2","40":"5","41":"b","42":"c","43":"6","44":"1","45":"2","46":"d","47":"6","48":"f","49":"3","5":".","50":"s","51":"m","52":"1","53":"3","54":"2","55":"2","56":"5","57":"8","58":"7","59":"9","6":"0","60":"a","61":"9","62":"1","63":".","64":"1","65":"7","66":" ","67":"-","68":" ","69":"g","7":".","70":"s","71":"m","72":"t","73":"p","8":"0","9":" ","level":"info","message":"Email sent:","service":"e_commerce-api","timestamp":"2026-03-23T04:09:15.076Z"}
{"level":"info","message":"admin email,otp sent to email","service":"e_commerce-api","timestamp":"2026-03-23T04:09:15.080Z"}
{"level":"info","message":"POST /api/auth/login 200 98 - 3824.692 ms","service":"e_commerce-api","timestamp":"2026-03-23T04:09:15.099Z"}
{"level":"info","message":"verify otp endpoint hit.....","service":"e_commerce-api","timestamp":"2026-03-23T04:09:29.935Z"}
{"level":"info","message":"otp verify sucessfully","service":"e_commerce-api","timestamp":"2026-03-23T04:09:29.939Z"}
{"level":"info","message":"Generating tokens for user: mrrajprasad5@gmail.com","service":"e_commerce-api","timestamp":"2026-03-23T04:09:29.941Z"}
{"0":"C","1":"a","10":"d","11":" ","12":"p","13":"r","14":"o","15":"p","16":"e","17":"r","18":"t","19":"i","2":"n","20":"e","21":"s","22":" ","23":"o","24":"f","25":" ","26":"n","27":"u","28":"l","29":"l","3":"n","30":" ","31":"(","32":"r","33":"e","34":"a","35":"d","36":"i","37":"n","38":"g","39":" ","4":"o","40":"'","41":"_","42":"i","43":"d","44":"'","45":")","5":"t","6":" ","7":"r","8":"e","9":"a","level":"error","message":"Error generating tokens:","service":"e_commerce-api","timestamp":"2026-03-23T04:09:30.168Z"}
{"level":"error","message":"verify-otp failed due to error:  Cannot read properties of null (reading '_id')","service":"e_commerce-api","stack":"TypeError: Cannot read properties of null (reading '_id')\n    at generateTokens (D:\\e-commerce\\backend\\utils\\generateTokens.js:22:26)\n    at process.processTicksAndRejections (node:internal/process/task_queues:105:5)\n    at async verifyOtp (D:\\e-commerce\\backend\\controllers\\authController.js:123:42)","timestamp":"2026-03-23T04:09:30.170Z"}
{"level":"info","message":"POST /api/auth/verify 500 50 - 245.292 ms","service":"e_commerce-api","timestamp":"2026-03-23T04:09:30.173Z"}
{"level":"info","message":"Using Local Redis","service":"e_commerce-api","timestamp":"2026-03-23T04:11:24.691Z"}
{"level":"info","message":"Email transporter initialized","service":"e_commerce-api","timestamp":"2026-03-23T04:11:24.806Z"}
{"level":"info","message":"Cloudinary configured successfully","service":"e_commerce-api","timestamp":"2026-03-23T04:11:25.282Z"}
{"level":"info","message":"Server is running on port 5000","service":"e_commerce-api","timestamp":"2026-03-23T04:11:25.292Z"}
{"level":"info","message":"Redis connected","service":"e_commerce-api","timestamp":"2026-03-23T04:11:25.304Z"}
{"level":"info","message":"MongoDB connected successfully: ac-tndgswv-shard-00-00.z9n5uke.mongodb.net","service":"e_commerce-api","timestamp":"2026-03-23T04:11:26.749Z"}
{"level":"info","message":"Using Local Redis","service":"e_commerce-api","timestamp":"2026-03-23T04:11:35.219Z"}
{"level":"info","message":"Email transporter initialized","service":"e_commerce-api","timestamp":"2026-03-23T04:11:35.323Z"}
{"level":"info","message":"Cloudinary configured successfully","service":"e_commerce-api","timestamp":"2026-03-23T04:11:35.769Z"}
{"level":"info","message":"Server is running on port 5000","service":"e_commerce-api","timestamp":"2026-03-23T04:11:35.779Z"}
{"level":"info","message":"Redis connected","service":"e_commerce-api","timestamp":"2026-03-23T04:11:35.835Z"}
{"level":"info","message":"MongoDB connected successfully: ac-tndgswv-shard-00-02.z9n5uke.mongodb.net","service":"e_commerce-api","timestamp":"2026-03-23T04:11:36.988Z"}
{"level":"info","message":"Using Local Redis","service":"e_commerce-api","timestamp":"2026-03-23T04:12:09.704Z"}
{"level":"info","message":"Email transporter initialized","service":"e_commerce-api","timestamp":"2026-03-23T04:12:09.860Z"}
{"level":"info","message":"Cloudinary configured successfully","service":"e_commerce-api","timestamp":"2026-03-23T04:12:10.380Z"}
{"level":"info","message":"Server is running on port 5000","service":"e_commerce-api","timestamp":"2026-03-23T04:12:10.396Z"}
{"level":"info","message":"Redis connected","service":"e_commerce-api","timestamp":"2026-03-23T04:12:10.420Z"}
{"level":"info","message":"MongoDB connected successfully: ac-tndgswv-shard-00-00.z9n5uke.mongodb.net","service":"e_commerce-api","timestamp":"2026-03-23T04:12:12.012Z"}
{"level":"info","message":"Using Local Redis","service":"e_commerce-api","timestamp":"2026-03-23T04:12:16.434Z"}
{"level":"info","message":"Email transporter initialized","service":"e_commerce-api","timestamp":"2026-03-23T04:12:16.581Z"}
{"level":"info","message":"Cloudinary configured successfully","service":"e_commerce-api","timestamp":"2026-03-23T04:12:17.103Z"}
{"level":"info","message":"Server is running on port 5000","service":"e_commerce-api","timestamp":"2026-03-23T04:12:17.125Z"}
{"level":"info","message":"Redis connected","service":"e_commerce-api","timestamp":"2026-03-23T04:12:17.155Z"}
{"level":"info","message":"MongoDB connected successfully: ac-tndgswv-shard-00-02.z9n5uke.mongodb.net","service":"e_commerce-api","timestamp":"2026-03-23T04:12:18.671Z"}
{"level":"info","message":"Using Local Redis","service":"e_commerce-api","timestamp":"2026-03-23T04:12:25.749Z"}
{"level":"info","message":"Email transporter initialized","service":"e_commerce-api","timestamp":"2026-03-23T04:12:25.963Z"}
{"level":"info","message":"Cloudinary configured successfully","service":"e_commerce-api","timestamp":"2026-03-23T04:12:26.513Z"}
{"level":"info","message":"Server is running on port 5000","service":"e_commerce-api","timestamp":"2026-03-23T04:12:26.527Z"}
{"level":"info","message":"Redis connected","service":"e_commerce-api","timestamp":"2026-03-23T04:12:26.550Z"}
{"level":"info","message":"Using Local Redis","service":"e_commerce-api","timestamp":"2026-03-23T04:12:28.393Z"}
{"level":"info","message":"Email transporter initialized","service":"e_commerce-api","timestamp":"2026-03-23T04:12:28.498Z"}
{"level":"info","message":"Cloudinary configured successfully","service":"e_commerce-api","timestamp":"2026-03-23T04:12:28.998Z"}
{"level":"info","message":"Server is running on port 5000","service":"e_commerce-api","timestamp":"2026-03-23T04:12:29.010Z"}
{"level":"info","message":"Redis connected","service":"e_commerce-api","timestamp":"2026-03-23T04:12:29.033Z"}
{"level":"info","message":"MongoDB connected successfully: ac-tndgswv-shard-00-01.z9n5uke.mongodb.net","service":"e_commerce-api","timestamp":"2026-03-23T04:12:30.374Z"}
{"level":"info","message":"Using Local Redis","service":"e_commerce-api","timestamp":"2026-03-23T04:12:34.025Z"}
{"level":"info","message":"Email transporter initialized","service":"e_commerce-api","timestamp":"2026-03-23T04:12:34.167Z"}
{"level":"info","message":"Cloudinary configured successfully","service":"e_commerce-api","timestamp":"2026-03-23T04:12:34.584Z"}
{"level":"info","message":"Server is running on port 5000","service":"e_commerce-api","timestamp":"2026-03-23T04:12:34.595Z"}
{"level":"info","message":"Redis connected","service":"e_commerce-api","timestamp":"2026-03-23T04:12:34.613Z"}
{"level":"info","message":"MongoDB connected successfully: ac-tndgswv-shard-00-02.z9n5uke.mongodb.net","service":"e_commerce-api","timestamp":"2026-03-23T04:12:35.857Z"}
{"level":"info","message":"Login endpoint hit....","service":"e_commerce-api","timestamp":"2026-03-23T04:12:54.532Z"}
{"level":"info","message":"Email sent successfully to mrrajprasad5@gmail.com","messageId":"<1ab1748f-8897-aa6d-4214-48a2eff16de5@gmail.com>","service":"e_commerce-api","timestamp":"2026-03-23T04:12:57.908Z"}
{"0":"2","1":"5","10":"O","11":"K","12":" ","13":" ","14":"1","15":"7","16":"7","17":"4","18":"2","19":"3","2":"0","20":"9","21":"1","22":"8","23":"0","24":" ","25":"d","26":"9","27":"4","28":"4","29":"3","3":" ","30":"c","31":"0","32":"1","33":"a","34":"7","35":"3","36":"3","37":"6","38":"-","39":"2","4":"2","40":"b","41":"0","42":"8","43":"3","44":"6","45":"5","46":"6","47":"b","48":"5","49":"1","5":".","50":"s","51":"m","52":"1","53":"1","54":"4","55":"5","56":"0","57":"5","58":"3","59":"8","6":"0","60":"5","61":"a","62":"d","63":".","64":"5","65":"4","66":" ","67":"-","68":" ","69":"g","7":".","70":"s","71":"m","72":"t","73":"p","8":"0","9":" ","level":"info","message":"Email sent:","service":"e_commerce-api","timestamp":"2026-03-23T04:12:57.909Z"}
{"level":"info","message":"admin email,otp sent to email","service":"e_commerce-api","timestamp":"2026-03-23T04:12:57.911Z"}
{"level":"info","message":"POST /api/auth/login 200 98 - 3404.289 ms","service":"e_commerce-api","timestamp":"2026-03-23T04:12:57.922Z"}
{"level":"info","message":"verify otp endpoint hit.....","service":"e_commerce-api","timestamp":"2026-03-23T04:13:09.339Z"}
{"level":"info","message":"otp verify sucessfully","service":"e_commerce-api","timestamp":"2026-03-23T04:13:09.341Z"}
{"level":"info","message":"Generating tokens for user: mrrajprasad5@gmail.com","service":"e_commerce-api","timestamp":"2026-03-23T04:13:09.342Z"}
{"0":"u","1":"s","10":"t","11":" ","12":"d","13":"e","14":"f","15":"i","16":"n","17":"e","18":"d","2":"e","3":"r","4":" ","5":"i","6":"s","7":" ","8":"n","9":"o","level":"error","message":"Error generating tokens:","service":"e_commerce-api","timestamp":"2026-03-23T04:13:09.666Z"}
{"level":"error","message":"verify-otp failed due to error:  user is not defined","service":"e_commerce-api","stack":"ReferenceError: user is not defined\n    at generateTokens (D:\\e-commerce\\backend\\utils\\generateTokens.js:35:18)\n    at process.processTicksAndRejections (node:internal/process/task_queues:105:5)\n    at async verifyOtp (D:\\e-commerce\\backend\\controllers\\authController.js:123:42)","timestamp":"2026-03-23T04:13:09.670Z"}
{"level":"info","message":"POST /api/auth/verify 500 50 - 338.702 ms","service":"e_commerce-api","timestamp":"2026-03-23T04:13:09.673Z"}
{"level":"info","message":"Using Local Redis","service":"e_commerce-api","timestamp":"2026-03-23T04:13:42.590Z"}
{"level":"info","message":"Email transporter initialized","service":"e_commerce-api","timestamp":"2026-03-23T04:13:42.709Z"}
{"level":"info","message":"Cloudinary configured successfully","service":"e_commerce-api","timestamp":"2026-03-23T04:13:43.196Z"}
{"level":"info","message":"Server is running on port 5000","service":"e_commerce-api","timestamp":"2026-03-23T04:13:43.206Z"}
{"level":"info","message":"Redis connected","service":"e_commerce-api","timestamp":"2026-03-23T04:13:43.220Z"}
{"level":"info","message":"MongoDB connected successfully: ac-tndgswv-shard-00-00.z9n5uke.mongodb.net","service":"e_commerce-api","timestamp":"2026-03-23T04:13:44.895Z"}
{"level":"info","message":"verify otp endpoint hit.....","service":"e_commerce-api","timestamp":"2026-03-23T04:13:49.110Z"}
{"level":"warn","message":"token and otp not present in redis","service":"e_commerce-api","timestamp":"2026-03-23T04:13:49.112Z"}
{"level":"info","message":"POST /api/auth/verify 400 57 - 22.221 ms","service":"e_commerce-api","timestamp":"2026-03-23T04:13:49.120Z"}
{"level":"info","message":"Login endpoint hit....","service":"e_commerce-api","timestamp":"2026-03-23T04:13:58.605Z"}
{"level":"info","message":"Email sent successfully to mrrajprasad5@gmail.com","messageId":"<f9fecc17-c1c6-8f73-960f-c6563f874670@gmail.com>","service":"e_commerce-api","timestamp":"2026-03-23T04:14:02.502Z"}
{"0":"2","1":"5","10":"O","11":"K","12":" ","13":" ","14":"1","15":"7","16":"7","17":"4","18":"2","19":"3","2":"0","20":"9","21":"2","22":"4","23":"5","24":" ","25":"d","26":"9","27":"4","28":"4","29":"3","3":" ","30":"c","31":"0","32":"1","33":"a","34":"7","35":"3","36":"3","37":"6","38":"-","39":"2","4":"2","40":"b","41":"0","42":"8","43":"3","44":"5","45":"4","46":"7","47":"7","48":"2","49":"f","5":".","50":"s","51":"m","52":"9","53":"4","54":"3","55":"1","56":"8","57":"6","58":"2","59":"5","6":"0","60":"a","61":"d","62":".","63":"2","64":"8","65":" ","66":"-","67":" ","68":"g","69":"s","7":".","70":"m","71":"t","72":"p","8":"0","9":" ","level":"info","message":"Email sent:","service":"e_commerce-api","timestamp":"2026-03-23T04:14:02.504Z"}
{"level":"info","message":"admin email,otp sent to email","service":"e_commerce-api","timestamp":"2026-03-23T04:14:02.505Z"}
{"level":"info","message":"POST /api/auth/login 200 98 - 3913.805 ms","service":"e_commerce-api","timestamp":"2026-03-23T04:14:02.508Z"}
{"level":"info","message":"verify otp endpoint hit.....","service":"e_commerce-api","timestamp":"2026-03-23T04:14:10.081Z"}
{"level":"info","message":"otp verify sucessfully","service":"e_commerce-api","timestamp":"2026-03-23T04:14:10.083Z"}
{"level":"info","message":"Generating tokens for user: mrrajprasad5@gmail.com","service":"e_commerce-api","timestamp":"2026-03-23T04:14:10.085Z"}
{"0":"u","1":"s","10":"t","11":" ","12":"d","13":"e","14":"f","15":"i","16":"n","17":"e","18":"d","2":"e","3":"r","4":" ","5":"i","6":"s","7":" ","8":"n","9":"o","level":"error","message":"Error generating tokens:","service":"e_commerce-api","timestamp":"2026-03-23T04:14:10.396Z"}
{"level":"error","message":"verify-otp failed due to error:  user is not defined","service":"e_commerce-api","stack":"ReferenceError: user is not defined\n    at generateTokens (D:\\e-commerce\\backend\\utils\\generateTokens.js:38:66)\n    at process.processTicksAndRejections (node:internal/process/task_queues:105:5)\n    at async verifyOtp (D:\\e-commerce\\backend\\controllers\\authController.js:123:42)","timestamp":"2026-03-23T04:14:10.397Z"}
{"level":"info","message":"POST /api/auth/verify 500 50 - 323.418 ms","service":"e_commerce-api","timestamp":"2026-03-23T04:14:10.399Z"}
{"level":"info","message":"Using Local Redis","service":"e_commerce-api","timestamp":"2026-03-23T04:14:36.992Z"}
{"level":"info","message":"Email transporter initialized","service":"e_commerce-api","timestamp":"2026-03-23T04:14:37.096Z"}
{"level":"info","message":"Cloudinary configured successfully","service":"e_commerce-api","timestamp":"2026-03-23T04:14:37.500Z"}
{"level":"info","message":"Server is running on port 5000","service":"e_commerce-api","timestamp":"2026-03-23T04:14:37.510Z"}
{"level":"info","message":"Redis connected","service":"e_commerce-api","timestamp":"2026-03-23T04:14:37.527Z"}
{"level":"info","message":"MongoDB connected successfully: ac-tndgswv-shard-00-02.z9n5uke.mongodb.net","service":"e_commerce-api","timestamp":"2026-03-23T04:14:38.866Z"}
{"level":"info","message":"Using Local Redis","service":"e_commerce-api","timestamp":"2026-03-23T04:15:25.720Z"}
{"level":"info","message":"Email transporter initialized","service":"e_commerce-api","timestamp":"2026-03-23T04:15:25.850Z"}
{"level":"info","message":"Cloudinary configured successfully","service":"e_commerce-api","timestamp":"2026-03-23T04:15:26.302Z"}
{"level":"info","message":"Server is running on port 5000","service":"e_commerce-api","timestamp":"2026-03-23T04:15:26.315Z"}
{"level":"info","message":"Redis connected","service":"e_commerce-api","timestamp":"2026-03-23T04:15:26.331Z"}
{"level":"info","message":"MongoDB connected successfully: ac-tndgswv-shard-00-00.z9n5uke.mongodb.net","service":"e_commerce-api","timestamp":"2026-03-23T04:15:27.403Z"}
{"level":"info","message":"Using Local Redis","service":"e_commerce-api","timestamp":"2026-03-23T04:15:36.897Z"}
{"level":"info","message":"Email transporter initialized","service":"e_commerce-api","timestamp":"2026-03-23T04:15:37.047Z"}
{"level":"info","message":"Cloudinary configured successfully","service":"e_commerce-api","timestamp":"2026-03-23T04:15:37.622Z"}
{"level":"info","message":"Server is running on port 5000","service":"e_commerce-api","timestamp":"2026-03-23T04:15:37.645Z"}
{"level":"info","message":"Redis connected","service":"e_commerce-api","timestamp":"2026-03-23T04:15:37.662Z"}
{"level":"info","message":"MongoDB connected successfully: ac-tndgswv-shard-00-02.z9n5uke.mongodb.net","service":"e_commerce-api","timestamp":"2026-03-23T04:15:38.873Z"}
{"level":"info","message":"Login endpoint hit....","service":"e_commerce-api","timestamp":"2026-03-23T04:15:51.094Z"}
{"level":"info","message":"Email sent successfully to mrrajprasad5@gmail.com","messageId":"<f61c4abc-de4c-83dc-3887-52f897681fb1@gmail.com>","service":"e_commerce-api","timestamp":"2026-03-23T04:15:54.778Z"}
{"0":"2","1":"5","10":"O","11":"K","12":" ","13":" ","14":"1","15":"7","16":"7","17":"4","18":"2","19":"3","2":"0","20":"9","21":"3","22":"5","23":"7","24":" ","25":"9","26":"8","27":"e","28":"6","29":"7","3":" ","30":"e","31":"d","32":"5","33":"9","34":"e","35":"1","36":"d","37":"1","38":"-","39":"3","4":"2","40":"5","41":"b","42":"d","43":"2","44":"6","45":"4","46":"b","47":"b","48":"2","49":"9","5":".","50":"s","51":"m","52":"3","53":"7","54":"7","55":"6","56":"9","57":"7","58":"9","59":"a","6":"0","60":"9","61":"1","62":".","63":"2","64":" ","65":"-","66":" ","67":"g","68":"s","69":"m","7":".","70":"t","71":"p","8":"0","9":" ","level":"info","message":"Email sent:","service":"e_commerce-api","timestamp":"2026-03-23T04:15:54.780Z"}
{"level":"info","message":"admin email,otp sent to email","service":"e_commerce-api","timestamp":"2026-03-23T04:15:54.782Z"}
{"level":"info","message":"POST /api/auth/login 200 98 - 3709.010 ms","service":"e_commerce-api","timestamp":"2026-03-23T04:15:54.791Z"}
{"level":"info","message":"verify otp endpoint hit.....","service":"e_commerce-api","timestamp":"2026-03-23T04:16:05.535Z"}
{"level":"info","message":"Generating tokens for user: mrrajprasad5@gmail.com","service":"e_commerce-api","timestamp":"2026-03-23T04:16:05.538Z"}
{"level":"info","message":"Tokens generated successfully for userId: 69bf99f202be5d354b026f6e","service":"e_commerce-api","timestamp":"2026-03-23T04:16:06.104Z"}
{"level":"info","message":"otp verify sucessfully","service":"e_commerce-api","timestamp":"2026-03-23T04:16:06.105Z"}
{"level":"info","message":"POST /api/auth/verify 200 405 - 576.543 ms","service":"e_commerce-api","timestamp":"2026-03-23T04:16:06.110Z"}
{"level":"info","message":"authenticate endpoin hit","service":"e_commerce-api","timestamp":"2026-03-23T04:16:06.150Z"}
{"level":"info","message":"authenticated successfully","service":"e_commerce-api","timestamp":"2026-03-23T04:16:06.158Z"}
{"level":"info","message":"buyer auth middleware endpoint hit","service":"e_commerce-api","timestamp":"2026-03-23T04:16:06.160Z"}
{"level":"warn","message":"buyer authorization failed","service":"e_commerce-api","timestamp":"2026-03-23T04:16:06.161Z"}
{"level":"info","message":"GET /api/users/profile 403 69 - 18.445 ms","service":"e_commerce-api","timestamp":"2026-03-23T04:16:06.164Z"}
{"level":"info","message":"Login endpoint hit....","service":"e_commerce-api","timestamp":"2026-03-23T05:32:58.397Z"}
{"level":"info","message":"Email sent successfully to mrrajprasad5@gmail.com","messageId":"<dd42dc67-ed41-a909-fa54-c3c69207eb27@gmail.com>","service":"e_commerce-api","timestamp":"2026-03-23T05:33:02.996Z"}
{"0":"2","1":"5","10":"O","11":"K","12":" ","13":" ","14":"1","15":"7","16":"7","17":"4","18":"2","19":"4","2":"0","20":"3","21":"9","22":"8","23":"5","24":" ","25":"d","26":"2","27":"e","28":"1","29":"a","3":" ","30":"7","31":"2","32":"f","33":"c","34":"c","35":"a","36":"5","37":"8","38":"-","39":"8","4":"2","40":"2","41":"b","42":"0","43":"4","44":"0","45":"d","46":"e","47":"b","48":"f","49":"9","5":".","50":"s","51":"m","52":"8","53":"2","54":"7","55":"3","56":"8","57":"5","58":"4","59":"b","6":"0","60":"3","61":"a","62":".","63":"4","64":"7","65":" ","66":"-","67":" ","68":"g","69":"s","7":".","70":"m","71":"t","72":"p","8":"0","9":" ","level":"info","message":"Email sent:","service":"e_commerce-api","timestamp":"2026-03-23T05:33:02.997Z"}
{"level":"info","message":"admin email,otp sent to email","service":"e_commerce-api","timestamp":"2026-03-23T05:33:02.999Z"}
{"level":"info","message":"POST /api/auth/login 200 98 - 4608.082 ms","service":"e_commerce-api","timestamp":"2026-03-23T05:33:03.000Z"}
{"level":"info","message":"verify otp endpoint hit.....","service":"e_commerce-api","timestamp":"2026-03-23T05:33:11.715Z"}
{"level":"info","message":"Generating tokens for user: mrrajprasad5@gmail.com","service":"e_commerce-api","timestamp":"2026-03-23T05:33:11.717Z"}
{"level":"info","message":"Tokens generated successfully for userId: 69bf99f202be5d354b026f6e","service":"e_commerce-api","timestamp":"2026-03-23T05:33:12.064Z"}
{"level":"info","message":"otp verify sucessfully","service":"e_commerce-api","timestamp":"2026-03-23T05:33:12.064Z"}
{"level":"info","message":"POST /api/auth/verify 200 405 - 356.542 ms","service":"e_commerce-api","timestamp":"2026-03-23T05:33:12.067Z"}
{"level":"info","message":"authenticate endpoin hit","service":"e_commerce-api","timestamp":"2026-03-23T05:33:12.080Z"}
{"level":"info","message":"authenticated successfully","service":"e_commerce-api","timestamp":"2026-03-23T05:33:12.083Z"}
{"level":"info","message":"buyer auth middleware endpoint hit","service":"e_commerce-api","timestamp":"2026-03-23T05:33:12.084Z"}
{"level":"warn","message":"buyer authorization failed","service":"e_commerce-api","timestamp":"2026-03-23T05:33:12.085Z"}
{"level":"info","message":"GET /api/users/profile 403 69 - 9.549 ms","service":"e_commerce-api","timestamp":"2026-03-23T05:33:12.092Z"}
{"level":"info","message":"get all products endpoint hit","service":"e_commerce-api","timestamp":"2026-03-23T05:34:28.829Z"}
{"level":"info","message":"GET /api/product/all 304 - - 144.023 ms","service":"e_commerce-api","timestamp":"2026-03-23T05:34:28.974Z"}
{"level":"info","message":"Login endpoint hit....","service":"e_commerce-api","timestamp":"2026-03-23T05:34:46.979Z"}
{"level":"warn","message":"User does not exist,store the email and role as buyer","service":"e_commerce-api","timestamp":"2026-03-23T05:34:47.054Z"}
{"level":"info","message":"Email sent successfully to kumarsurya7766@gmail.com","messageId":"<426329d0-961e-25b8-7eea-6b6efb8f0a5b@gmail.com>","service":"e_commerce-api","timestamp":"2026-03-23T05:34:50.474Z"}
{"0":"2","1":"5","10":"O","11":"K","12":" ","13":" ","14":"1","15":"7","16":"7","17":"4","18":"2","19":"4","2":"0","20":"4","21":"0","22":"9","23":"3","24":" ","25":"9","26":"8","27":"e","28":"6","29":"7","3":" ","30":"e","31":"d","32":"5","33":"9","34":"e","35":"1","36":"d","37":"1","38":"-","39":"3","4":"2","40":"5","41":"b","42":"d","43":"4","44":"0","45":"e","46":"4","47":"b","48":"f","49":"2","5":".","50":"s","51":"m","52":"7","53":"9","54":"0","55":"1","56":"3","57":"1","58":"5","59":"a","6":"0","60":"9","61":"1","62":".","63":"1","64":"1","65":" ","66":"-","67":" ","68":"g","69":"s","7":".","70":"m","71":"t","72":"p","8":"0","9":" ","level":"info","message":"Email sent:","service":"e_commerce-api","timestamp":"2026-03-23T05:34:50.477Z"}
{"level":"info","message":"POST /api/auth/login 200 97 - 3508.769 ms","service":"e_commerce-api","timestamp":"2026-03-23T05:34:50.480Z"}
{"level":"info","message":"Login endpoint hit....","service":"e_commerce-api","timestamp":"2026-03-23T05:36:54.207Z"}
{"level":"info","message":"user exist ,check user is blocked or not","service":"e_commerce-api","timestamp":"2026-03-23T05:36:54.385Z"}
{"level":"info","message":"Email sent successfully to kumarsurya45394@gmail.com","messageId":"<33aa1a94-dcf3-f126-8154-acb7ed82467a@gmail.com>","service":"e_commerce-api","timestamp":"2026-03-23T05:36:57.917Z"}
{"0":"2","1":"5","10":"O","11":"K","12":" ","13":" ","14":"1","15":"7","16":"7","17":"4","18":"2","19":"4","2":"0","20":"4","21":"2","22":"2","23":"0","24":" ","25":"d","26":"2","27":"e","28":"1","29":"a","3":" ","30":"7","31":"2","32":"f","33":"c","34":"c","35":"a","36":"5","37":"8","38":"-","39":"8","4":"2","40":"2","41":"b","42":"0","43":"4","44":"0","45":"9","46":"c","47":"1","48":"c","49":"e","5":".","50":"s","51":"m","52":"7","53":"9","54":"7","55":"4","56":"6","57":"4","58":"4","59":"b","6":"0","60":"3","61":"a","62":".","63":"3","64":"6","65":" ","66":"-","67":" ","68":"g","69":"s","7":".","70":"m","71":"t","72":"p","8":"0","9":" ","level":"info","message":"Email sent:","service":"e_commerce-api","timestamp":"2026-03-23T05:36:57.920Z"}
{"level":"info","message":"POST /api/auth/login 200 97 - 3718.844 ms","service":"e_commerce-api","timestamp":"2026-03-23T05:36:57.923Z"}
{"level":"info","message":"verify otp endpoint hit.....","service":"e_commerce-api","timestamp":"2026-03-23T05:37:22.451Z"}
{"level":"info","message":"Generating tokens for user: kumarsurya45394@gmail.com","service":"e_commerce-api","timestamp":"2026-03-23T05:37:22.453Z"}
{"level":"info","message":"Tokens generated successfully for userId: 69bff5fc3b15523e70338269","service":"e_commerce-api","timestamp":"2026-03-23T05:37:22.649Z"}
{"level":"info","message":"otp verify sucessfully","service":"e_commerce-api","timestamp":"2026-03-23T05:37:22.650Z"}
{"level":"info","message":"POST /api/auth/verify 200 409 - 206.087 ms","service":"e_commerce-api","timestamp":"2026-03-23T05:37:22.653Z"}
{"level":"info","message":"authenticate endpoin hit","service":"e_commerce-api","timestamp":"2026-03-23T05:37:22.673Z"}
{"level":"info","message":"authenticated successfully","service":"e_commerce-api","timestamp":"2026-03-23T05:37:22.676Z"}
{"level":"info","message":"buyer auth middleware endpoint hit","service":"e_commerce-api","timestamp":"2026-03-23T05:37:22.677Z"}
{"level":"info","message":"buyer authenticated","service":"e_commerce-api","timestamp":"2026-03-23T05:37:22.677Z"}
{"level":"info","message":"get- profile endpoint  hit","service":"e_commerce-api","timestamp":"2026-03-23T05:37:22.678Z"}
{"level":"info","message":"user data successfully find ","service":"e_commerce-api","timestamp":"2026-03-23T05:37:22.735Z"}
{"level":"info","message":"GET /api/users/profile 200 293 - 67.201 ms","service":"e_commerce-api","timestamp":"2026-03-23T05:37:22.737Z"}
{"level":"info","message":"authenticate endpoin hit","service":"e_commerce-api","timestamp":"2026-03-23T06:00:22.924Z"}
{"level":"warn","message":"authentication failed, token expired","service":"e_commerce-api","timestamp":"2026-03-23T06:00:22.927Z"}
{"level":"info","message":"GET /api/users/profile 401 65 - 8.628 ms","service":"e_commerce-api","timestamp":"2026-03-23T06:00:22.930Z"}
{"level":"info","message":"refresgh token endpoint hit...","service":"e_commerce-api","timestamp":"2026-03-23T06:00:23.028Z"}
{"level":"info","message":"POST /api/auth/refresh - - - - ms","service":"e_commerce-api","timestamp":"2026-03-23T06:00:25.021Z"}
{"cause":{"beforeHandshake":false,"errorLabelSet":{}},"errorLabelSet":{},"level":"error","message":"refresh token failed due to error:  getaddrinfo ENOTFOUND ac-tndgswv-shard-00-02.z9n5uke.mongodb.net","reason":{"commonWireVersion":25,"compatible":true,"heartbeatFrequencyMS":10000,"localThresholdMS":15,"logicalSessionTimeoutMinutes":null,"maxElectionId":{"$oid":"7fffffff0000000000000014"},"maxSetVersion":10,"servers":{"ac-tndgswv-shard-00-00.z9n5uke.mongodb.net:27017":{"$clusterTime":null,"address":"ac-tndgswv-shard-00-00.z9n5uke.mongodb.net:27017","arbiters":[],"electionId":null,"error":{"beforeHandshake":false,"errorLabelSet":{}},"hosts":[],"iscryptd":false,"lastUpdateTime":6290110,"lastWriteDate":0,"logicalSessionTimeoutMinutes":null,"maxBsonObjectSize":null,"maxMessageSizeBytes":null,"maxWireVersion":0,"maxWriteBatchSize":null,"me":null,"minRoundTripTime":0,"minWireVersion":0,"passives":[],"primary":null,"roundTripTime":-1,"setName":null,"setVersion":null,"tags":{},"topologyVersion":null,"type":"Unknown"},"ac-tndgswv-shard-00-01.z9n5uke.mongodb.net:27017":{"$clusterTime":null,"address":"ac-tndgswv-shard-00-01.z9n5uke.mongodb.net:27017","arbiters":[],"electionId":null,"error":{"beforeHandshake":false,"errorLabelSet":{}},"hosts":[],"iscryptd":false,"lastUpdateTime":6290110,"lastWriteDate":0,"logicalSessionTimeoutMinutes":null,"maxBsonObjectSize":null,"maxMessageSizeBytes":null,"maxWireVersion":0,"maxWriteBatchSize":null,"me":null,"minRoundTripTime":0,"minWireVersion":0,"passives":[],"primary":null,"roundTripTime":-1,"setName":null,"setVersion":null,"tags":{},"topologyVersion":null,"type":"Unknown"},"ac-tndgswv-shard-00-02.z9n5uke.mongodb.net:27017":{"$clusterTime":null,"address":"ac-tndgswv-shard-00-02.z9n5uke.mongodb.net:27017","arbiters":[],"electionId":null,"error":{"beforeHandshake":false,"errorLabelSet":{}},"hosts":[],"iscryptd":false,"lastUpdateTime":6290109,"lastWriteDate":0,"logicalSessionTimeoutMinutes":null,"maxBsonObjectSize":null,"maxMessageSizeBytes":null,"maxWireVersion":0,"maxWriteBatchSize":null,"me":null,"minRoundTripTime":0,"minWireVersion":0,"passives":[],"primary":null,"roundTripTime":-1,"setName":null,"setVersion":null,"tags":{},"topologyVersion":null,"type":"Unknown"}},"setName":"atlas-b29gsv-shard-0","stale":false,"type":"ReplicaSetNoPrimary"},"service":"e_commerce-api","stack":"MongoServerSelectionError: getaddrinfo ENOTFOUND ac-tndgswv-shard-00-02.z9n5uke.mongodb.net\n    at Topology.selectServer (D:\\e-commerce\\backend\\node_modules\\mongodb\\lib\\sdam\\topology.js:347:38)\n    at async tryOperation (D:\\e-commerce\\backend\\node_modules\\mongodb\\lib\\operations\\execute_operation.js:150:18)\n    at async executeOperation (D:\\e-commerce\\backend\\node_modules\\mongodb\\lib\\operations\\execute_operation.js:80:16)\n    at async FindCursor._initialize (D:\\e-commerce\\backend\\node_modules\\mongodb\\lib\\cursor\\find_cursor.js:62:26)\n    at async FindCursor.cursorInit (D:\\e-commerce\\backend\\node_modules\\mongodb\\lib\\cursor\\abstract_cursor.js:620:27)\n    at async FindCursor.fetchBatch (D:\\e-commerce\\backend\\node_modules\\mongodb\\lib\\cursor\\abstract_cursor.js:654:13)\n    at async FindCursor.next (D:\\e-commerce\\backend\\node_modules\\mongodb\\lib\\cursor\\abstract_cursor.js:326:17)\n    at async Collection.findOne (D:\\e-commerce\\backend\\node_modules\\mongodb\\lib\\collection.js:313:24)\n    at async model.Query._findOne (D:\\e-commerce\\backend\\node_modules\\mongoose\\lib\\query.js:2731:15)\n    at async model.Query.exec (D:\\e-commerce\\backend\\node_modules\\mongoose\\lib\\query.js:4726:63)","timestamp":"2026-03-23T06:16:48.242Z"}
{"level":"info","message":"Using Local Redis","service":"e_commerce-api","timestamp":"2026-03-23T06:27:46.400Z"}
{"level":"info","message":"Email transporter initialized","service":"e_commerce-api","timestamp":"2026-03-23T06:27:46.562Z"}
{"level":"info","message":"Cloudinary configured successfully","service":"e_commerce-api","timestamp":"2026-03-23T06:27:47.129Z"}
{"level":"info","message":"Server is running on port 5000","service":"e_commerce-api","timestamp":"2026-03-23T06:27:47.144Z"}
{"level":"info","message":"Redis connected","service":"e_commerce-api","timestamp":"2026-03-23T06:27:47.164Z"}
{"level":"info","message":"MongoDB connected successfully: ac-tndgswv-shard-00-00.z9n5uke.mongodb.net","service":"e_commerce-api","timestamp":"2026-03-23T06:27:48.466Z"}
{"level":"info","message":"Login endpoint hit....","service":"e_commerce-api","timestamp":"2026-03-23T06:27:50.662Z"}
{"level":"info","message":"user exist ,check user is blocked or not","service":"e_commerce-api","timestamp":"2026-03-23T06:27:50.844Z"}
{"level":"info","message":"Email sent successfully to kumarsurya45394@gmail.com","messageId":"<f2fbe15d-0ce6-5349-e568-9df057f8fbc4@gmail.com>","service":"e_commerce-api","timestamp":"2026-03-23T06:27:54.721Z"}
{"0":"2","1":"5","10":"O","11":"K","12":" ","13":" ","14":"1","15":"7","16":"7","17":"4","18":"2","19":"4","2":"0","20":"7","21":"2","22":"7","23":"7","24":" ","25":"d","26":"9","27":"4","28":"4","29":"3","3":" ","30":"c","31":"0","32":"1","33":"a","34":"7","35":"3","36":"3","37":"6","38":"-","39":"2","4":"2","40":"b","41":"0","42":"8","43":"3","44":"6","45":"5","46":"5","47":"6","48":"f","49":"6","5":".","50":"s","51":"m","52":"1","53":"2","54":"7","55":"0","56":"8","57":"4","58":"4","59":"3","6":"0","60":"5","61":"a","62":"d","63":".","64":"4","65":"9","66":" ","67":"-","68":" ","69":"g","7":".","70":"s","71":"m","72":"t","73":"p","8":"0","9":" ","level":"info","message":"Email sent:","service":"e_commerce-api","timestamp":"2026-03-23T06:27:54.725Z"}
{"level":"info","message":"POST /api/auth/login 200 97 - 4088.506 ms","service":"e_commerce-api","timestamp":"2026-03-23T06:27:54.745Z"}
{"level":"info","message":"verify otp endpoint hit.....","service":"e_commerce-api","timestamp":"2026-03-23T06:28:07.522Z"}
{"level":"info","message":"Generating tokens for user: kumarsurya45394@gmail.com","service":"e_commerce-api","timestamp":"2026-03-23T06:28:07.528Z"}
{"level":"info","message":"Tokens generated successfully for userId: 69bff5fc3b15523e70338269","service":"e_commerce-api","timestamp":"2026-03-23T06:28:07.829Z"}
{"level":"info","message":"otp verify sucessfully","service":"e_commerce-api","timestamp":"2026-03-23T06:28:07.830Z"}
{"level":"info","message":"POST /api/auth/verify 200 409 - 317.959 ms","service":"e_commerce-api","timestamp":"2026-03-23T06:28:07.832Z"}
{"level":"info","message":"authenticate endpoin hit","service":"e_commerce-api","timestamp":"2026-03-23T06:28:07.847Z"}
{"level":"info","message":"authenticated successfully","service":"e_commerce-api","timestamp":"2026-03-23T06:28:07.854Z"}
{"level":"info","message":"buyer auth middleware endpoint hit","service":"e_commerce-api","timestamp":"2026-03-23T06:28:07.857Z"}
{"level":"info","message":"buyer authenticated","service":"e_commerce-api","timestamp":"2026-03-23T06:28:07.859Z"}
{"level":"info","message":"get- profile endpoint  hit","service":"e_commerce-api","timestamp":"2026-03-23T06:28:07.859Z"}
{"level":"info","message":"user data successfully find ","service":"e_commerce-api","timestamp":"2026-03-23T06:28:08.032Z"}
{"level":"info","message":"GET /api/users/profile 304 - - 193.408 ms","service":"e_commerce-api","timestamp":"2026-03-23T06:28:08.037Z"}
{"level":"info","message":"authenticate endpoin hit","service":"e_commerce-api","timestamp":"2026-03-23T06:28:10.122Z"}
{"level":"info","message":"authenticated successfully","service":"e_commerce-api","timestamp":"2026-03-23T06:28:10.127Z"}
{"level":"info","message":"buyer auth middleware endpoint hit","service":"e_commerce-api","timestamp":"2026-03-23T06:28:10.128Z"}
{"level":"info","message":"buyer authenticated","service":"e_commerce-api","timestamp":"2026-03-23T06:28:10.129Z"}
{"level":"info","message":"get wishlist endpoint hit","service":"e_commerce-api","timestamp":"2026-03-23T06:28:10.130Z"}
{"level":"info","message":"GET /api/users/wishlists 200 39 - 168.129 ms","service":"e_commerce-api","timestamp":"2026-03-23T06:28:10.286Z"}
{"level":"info","message":"authenticate endpoin hit","service":"e_commerce-api","timestamp":"2026-03-23T06:28:15.218Z"}
{"level":"info","message":"authenticated successfully","service":"e_commerce-api","timestamp":"2026-03-23T06:28:15.223Z"}
{"level":"info","message":"buyer auth middleware endpoint hit","service":"e_commerce-api","timestamp":"2026-03-23T06:28:15.225Z"}
{"level":"info","message":"buyer authenticated","service":"e_commerce-api","timestamp":"2026-03-23T06:28:15.226Z"}
{"level":"info","message":"get cart endpoint hit","service":"e_commerce-api","timestamp":"2026-03-23T06:28:15.228Z"}
{"level":"info","message":"user cart empty","service":"e_commerce-api","timestamp":"2026-03-23T06:28:15.433Z"}
{"level":"info","message":"GET /api/users/carts 200 62 - 223.864 ms","service":"e_commerce-api","timestamp":"2026-03-23T06:28:15.438Z"}
{"level":"info","message":"authenticate endpoin hit","service":"e_commerce-api","timestamp":"2026-03-23T06:28:16.559Z"}
{"level":"info","message":"authenticated successfully","service":"e_commerce-api","timestamp":"2026-03-23T06:28:16.562Z"}
{"level":"info","message":"buyer auth middleware endpoint hit","service":"e_commerce-api","timestamp":"2026-03-23T06:28:16.563Z"}
{"level":"info","message":"buyer authenticated","service":"e_commerce-api","timestamp":"2026-03-23T06:28:16.563Z"}
{"level":"info","message":"get user orders endpoint hit","service":"e_commerce-api","timestamp":"2026-03-23T06:28:16.564Z"}
{"level":"error","message":"order not found","service":"e_commerce-api","timestamp":"2026-03-23T06:28:16.836Z"}
{"level":"info","message":"GET /api/shopease/my-orders 400 45 - 283.540 ms","service":"e_commerce-api","timestamp":"2026-03-23T06:28:16.840Z"}
{"level":"info","message":"authenticate endpoin hit","service":"e_commerce-api","timestamp":"2026-03-23T06:28:40.341Z"}
{"level":"info","message":"authenticated successfully","service":"e_commerce-api","timestamp":"2026-03-23T06:28:40.346Z"}
{"level":"info","message":"buyer auth middleware endpoint hit","service":"e_commerce-api","timestamp":"2026-03-23T06:28:40.348Z"}
{"level":"info","message":"buyer authenticated","service":"e_commerce-api","timestamp":"2026-03-23T06:28:40.350Z"}
{"level":"info","message":"get cart endpoint hit","service":"e_commerce-api","timestamp":"2026-03-23T06:28:40.352Z"}
{"level":"info","message":"user cart empty","service":"e_commerce-api","timestamp":"2026-03-23T06:28:40.415Z"}
{"level":"info","message":"GET /api/users/carts 304 - - 81.430 ms","service":"e_commerce-api","timestamp":"2026-03-23T06:28:40.417Z"}
{"level":"info","message":"get all products endpoint hit","service":"e_commerce-api","timestamp":"2026-03-23T06:28:41.683Z"}
{"level":"info","message":"GET /api/product/all 304 - - 145.180 ms","service":"e_commerce-api","timestamp":"2026-03-23T06:28:41.828Z"}
{"level":"info","message":"authenticate endpoin hit","service":"e_commerce-api","timestamp":"2026-03-23T06:35:35.875Z"}
{"level":"info","message":"authenticated successfully","service":"e_commerce-api","timestamp":"2026-03-23T06:35:35.878Z"}
{"level":"info","message":"buyer auth middleware endpoint hit","service":"e_commerce-api","timestamp":"2026-03-23T06:35:35.879Z"}
{"level":"info","message":"buyer authenticated","service":"e_commerce-api","timestamp":"2026-03-23T06:35:35.881Z"}
{"level":"info","message":"get- profile endpoint  hit","service":"e_commerce-api","timestamp":"2026-03-23T06:35:35.881Z"}
{"level":"info","message":"user data successfully find ","service":"e_commerce-api","timestamp":"2026-03-23T06:35:36.008Z"}
{"level":"info","message":"GET /api/users/profile 304 - - 140.419 ms","service":"e_commerce-api","timestamp":"2026-03-23T06:35:36.012Z"}
{"level":"info","message":"authenticate endpoin hit","service":"e_commerce-api","timestamp":"2026-03-23T06:37:38.895Z"}
{"level":"info","message":"authenticated successfully","service":"e_commerce-api","timestamp":"2026-03-23T06:37:38.899Z"}
{"level":"info","message":"buyer auth middleware endpoint hit","service":"e_commerce-api","timestamp":"2026-03-23T06:37:38.901Z"}
{"level":"info","message":"buyer authenticated","service":"e_commerce-api","timestamp":"2026-03-23T06:37:38.901Z"}
{"level":"info","message":"get- profile endpoint  hit","service":"e_commerce-api","timestamp":"2026-03-23T06:37:38.902Z"}
{"level":"info","message":"user data successfully find ","service":"e_commerce-api","timestamp":"2026-03-23T06:37:38.979Z"}
{"level":"info","message":"GET /api/users/profile 304 - - 105.130 ms","service":"e_commerce-api","timestamp":"2026-03-23T06:37:38.997Z"}
{"level":"info","message":"authenticate endpoin hit","service":"e_commerce-api","timestamp":"2026-03-23T06:37:41.858Z"}
{"level":"info","message":"authenticated successfully","service":"e_commerce-api","timestamp":"2026-03-23T06:37:41.863Z"}
{"level":"info","message":"buyer auth middleware endpoint hit","service":"e_commerce-api","timestamp":"2026-03-23T06:37:41.864Z"}
{"level":"info","message":"buyer authenticated","service":"e_commerce-api","timestamp":"2026-03-23T06:37:41.865Z"}
{"level":"info","message":"get- profile endpoint  hit","service":"e_commerce-api","timestamp":"2026-03-23T06:37:41.865Z"}
{"level":"info","message":"user data successfully find ","service":"e_commerce-api","timestamp":"2026-03-23T06:37:42.011Z"}
{"level":"info","message":"GET /api/users/profile 304 - - 160.247 ms","service":"e_commerce-api","timestamp":"2026-03-23T06:37:42.014Z"}
{"level":"info","message":"authenticate endpoin hit","service":"e_commerce-api","timestamp":"2026-03-23T06:37:54.853Z"}
{"level":"info","message":"authenticated successfully","service":"e_commerce-api","timestamp":"2026-03-23T06:37:54.866Z"}
{"level":"info","message":"buyer auth middleware endpoint hit","service":"e_commerce-api","timestamp":"2026-03-23T06:37:54.874Z"}
{"level":"info","message":"buyer authenticated","service":"e_commerce-api","timestamp":"2026-03-23T06:37:54.875Z"}
{"level":"info","message":"get- profile endpoint  hit","service":"e_commerce-api","timestamp":"2026-03-23T06:37:54.882Z"}
{"level":"info","message":"user data successfully find ","service":"e_commerce-api","timestamp":"2026-03-23T06:37:55.016Z"}
{"level":"info","message":"GET /api/users/profile 304 - - 168.504 ms","service":"e_commerce-api","timestamp":"2026-03-23T06:37:55.019Z"}
{"level":"info","message":"authenticate endpoin hit","service":"e_commerce-api","timestamp":"2026-03-23T06:38:11.864Z"}
{"level":"info","message":"authenticated successfully","service":"e_commerce-api","timestamp":"2026-03-23T06:38:11.867Z"}
{"level":"info","message":"buyer auth middleware endpoint hit","service":"e_commerce-api","timestamp":"2026-03-23T06:38:11.868Z"}
{"level":"info","message":"buyer authenticated","service":"e_commerce-api","timestamp":"2026-03-23T06:38:11.869Z"}
{"level":"info","message":"get- profile endpoint  hit","service":"e_commerce-api","timestamp":"2026-03-23T06:38:11.871Z"}
{"level":"info","message":"user data successfully find ","service":"e_commerce-api","timestamp":"2026-03-23T06:38:12.015Z"}
{"level":"info","message":"GET /api/users/profile 304 - - 156.525 ms","service":"e_commerce-api","timestamp":"2026-03-23T06:38:12.017Z"}
{"level":"info","message":"authenticate endpoin hit","service":"e_commerce-api","timestamp":"2026-03-23T06:38:29.863Z"}
{"level":"info","message":"authenticated successfully","service":"e_commerce-api","timestamp":"2026-03-23T06:38:29.867Z"}
{"level":"info","message":"buyer auth middleware endpoint hit","service":"e_commerce-api","timestamp":"2026-03-23T06:38:29.867Z"}
{"level":"info","message":"buyer authenticated","service":"e_commerce-api","timestamp":"2026-03-23T06:38:29.868Z"}
{"level":"info","message":"get- profile endpoint  hit","service":"e_commerce-api","timestamp":"2026-03-23T06:38:29.868Z"}
{"level":"info","message":"user data successfully find ","service":"e_commerce-api","timestamp":"2026-03-23T06:38:30.037Z"}
{"level":"info","message":"GET /api/users/profile 304 - - 179.556 ms","service":"e_commerce-api","timestamp":"2026-03-23T06:38:30.039Z"}
{"level":"info","message":"authenticate endpoin hit","service":"e_commerce-api","timestamp":"2026-03-23T06:38:47.855Z"}
{"level":"info","message":"authenticated successfully","service":"e_commerce-api","timestamp":"2026-03-23T06:38:47.859Z"}
{"level":"info","message":"buyer auth middleware endpoint hit","service":"e_commerce-api","timestamp":"2026-03-23T06:38:47.859Z"}
{"level":"info","message":"buyer authenticated","service":"e_commerce-api","timestamp":"2026-03-23T06:38:47.860Z"}
{"level":"info","message":"get- profile endpoint  hit","service":"e_commerce-api","timestamp":"2026-03-23T06:38:47.863Z"}
{"level":"info","message":"user data successfully find ","service":"e_commerce-api","timestamp":"2026-03-23T06:38:47.958Z"}
{"level":"info","message":"GET /api/users/profile 304 - - 106.443 ms","service":"e_commerce-api","timestamp":"2026-03-23T06:38:47.960Z"}
{"level":"info","message":"authenticate endpoin hit","service":"e_commerce-api","timestamp":"2026-03-23T06:39:09.966Z"}
{"level":"info","message":"authenticated successfully","service":"e_commerce-api","timestamp":"2026-03-23T06:39:09.974Z"}
{"level":"info","message":"buyer auth middleware endpoint hit","service":"e_commerce-api","timestamp":"2026-03-23T06:39:09.983Z"}
{"level":"info","message":"buyer authenticated","service":"e_commerce-api","timestamp":"2026-03-23T06:39:09.987Z"}
{"level":"info","message":"get- profile endpoint  hit","service":"e_commerce-api","timestamp":"2026-03-23T06:39:09.989Z"}
{"level":"info","message":"user data successfully find ","service":"e_commerce-api","timestamp":"2026-03-23T06:39:10.090Z"}
{"level":"info","message":"GET /api/users/profile 304 - - 129.094 ms","service":"e_commerce-api","timestamp":"2026-03-23T06:39:10.093Z"}
{"level":"warn","message":"Mongoose disconnected","service":"e_commerce-api","timestamp":"2026-03-23T06:57:14.025Z"}
{"level":"info","message":"Mongoose connected to database","service":"e_commerce-api","timestamp":"2026-03-23T06:57:14.240Z"}
{"level":"info","message":"authenticate endpoin hit","service":"e_commerce-api","timestamp":"2026-03-23T07:15:18.029Z"}
{"level":"warn","message":"authentication failed, token expired","service":"e_commerce-api","timestamp":"2026-03-23T07:15:18.034Z"}
{"level":"info","message":"GET /api/users/profile 401 65 - 12.851 ms","service":"e_commerce-api","timestamp":"2026-03-23T07:15:18.040Z"}
{"level":"info","message":"refresgh token endpoint hit...","service":"e_commerce-api","timestamp":"2026-03-23T07:15:18.150Z"}
{"level":"info","message":"Generating tokens for user: kumarsurya45394@gmail.com","service":"e_commerce-api","timestamp":"2026-03-23T07:15:19.220Z"}
{"level":"info","message":"Tokens generated successfully for userId: 69bff5fc3b15523e70338269","service":"e_commerce-api","timestamp":"2026-03-23T07:15:19.527Z"}
{"level":"info","message":"token refreshed sucessfully","service":"e_commerce-api","timestamp":"2026-03-23T07:15:19.630Z"}
{"level":"info","message":"POST /api/auth/refresh 200 360 - 1486.082 ms","service":"e_commerce-api","timestamp":"2026-03-23T07:15:19.632Z"}
{"level":"info","message":"authenticate endpoin hit","service":"e_commerce-api","timestamp":"2026-03-23T07:15:19.649Z"}
{"level":"info","message":"authenticated successfully","service":"e_commerce-api","timestamp":"2026-03-23T07:15:19.653Z"}
{"level":"info","message":"buyer auth middleware endpoint hit","service":"e_commerce-api","timestamp":"2026-03-23T07:15:19.656Z"}
{"level":"info","message":"buyer authenticated","service":"e_commerce-api","timestamp":"2026-03-23T07:15:19.657Z"}
{"level":"info","message":"get- profile endpoint  hit","service":"e_commerce-api","timestamp":"2026-03-23T07:15:19.657Z"}
{"level":"info","message":"user data successfully find ","service":"e_commerce-api","timestamp":"2026-03-23T07:15:19.834Z"}
{"level":"info","message":"GET /api/users/profile 304 - - 194.286 ms","service":"e_commerce-api","timestamp":"2026-03-23T07:15:19.838Z"}
{"level":"info","message":"authenticate endpoin hit","service":"e_commerce-api","timestamp":"2026-03-23T07:15:20.377Z"}
{"level":"info","message":"authenticated successfully","service":"e_commerce-api","timestamp":"2026-03-23T07:15:20.381Z"}
{"level":"info","message":"buyer auth middleware endpoint hit","service":"e_commerce-api","timestamp":"2026-03-23T07:15:20.382Z"}
{"level":"info","message":"buyer authenticated","service":"e_commerce-api","timestamp":"2026-03-23T07:15:20.383Z"}
{"level":"info","message":"get wishlist endpoint hit","service":"e_commerce-api","timestamp":"2026-03-23T07:15:20.383Z"}
{"level":"info","message":"GET /api/users/wishlists 304 - - 179.150 ms","service":"e_commerce-api","timestamp":"2026-03-23T07:15:20.553Z"}
{"level":"info","message":"logout user endpoint hit...","service":"e_commerce-api","timestamp":"2026-03-23T07:15:21.959Z"}
{"level":"info","message":"refresh token deleted successfully for logout","service":"e_commerce-api","timestamp":"2026-03-23T07:15:22.255Z"}
{"level":"info","message":"POST /api/auth/logout 200 51 - 301.195 ms","service":"e_commerce-api","timestamp":"2026-03-23T07:15:22.258Z"}
{"level":"info","message":"Login endpoint hit....","service":"e_commerce-api","timestamp":"2026-03-23T07:15:29.066Z"}
{"level":"info","message":"Email sent successfully to mrrajprasad5@gmail.com","messageId":"<fa2c9104-4e5b-e3e3-d6bd-687825313d28@gmail.com>","service":"e_commerce-api","timestamp":"2026-03-23T07:15:32.881Z"}
{"0":"2","1":"5","10":"O","11":"K","12":" ","13":" ","14":"1","15":"7","16":"7","17":"4","18":"2","19":"5","2":"0","20":"0","21":"1","22":"3","23":"5","24":" ","25":"4","26":"1","27":"b","28":"e","29":"0","3":" ","30":"3","31":"b","32":"0","33":"0","34":"d","35":"2","36":"f","37":"7","38":"-","39":"c","4":"2","40":"7","41":"4","42":"4","43":"4","44":"3","45":"c","46":"c","47":"9","48":"e","49":"d","5":".","50":"s","51":"m","52":"6","53":"9","54":"8","55":"2","56":"7","57":"4","58":"4","59":"a","6":"0","60":"1","61":"2","62":".","63":"2","64":"3","65":" ","66":"-","67":" ","68":"g","69":"s","7":".","70":"m","71":"t","72":"p","8":"0","9":" ","level":"info","message":"Email sent:","service":"e_commerce-api","timestamp":"2026-03-23T07:15:32.882Z"}
{"level":"info","message":"admin email,otp sent to email","service":"e_commerce-api","timestamp":"2026-03-23T07:15:32.884Z"}
{"level":"info","message":"POST /api/auth/login 200 98 - 3821.191 ms","service":"e_commerce-api","timestamp":"2026-03-23T07:15:32.886Z"}
{"level":"info","message":"verify otp endpoint hit.....","service":"e_commerce-api","timestamp":"2026-03-23T07:15:41.891Z"}
{"level":"info","message":"Generating tokens for user: mrrajprasad5@gmail.com","service":"e_commerce-api","timestamp":"2026-03-23T07:15:41.894Z"}
{"level":"info","message":"Tokens generated successfully for userId: 69bf99f202be5d354b026f6e","service":"e_commerce-api","timestamp":"2026-03-23T07:15:42.260Z"}
{"level":"info","message":"otp verify sucessfully","service":"e_commerce-api","timestamp":"2026-03-23T07:15:42.260Z"}
{"level":"info","message":"POST /api/auth/verify 200 405 - 373.562 ms","service":"e_commerce-api","timestamp":"2026-03-23T07:15:42.262Z"}
{"level":"info","message":"authenticate endpoin hit","service":"e_commerce-api","timestamp":"2026-03-23T07:15:42.274Z"}
{"level":"info","message":"authenticated successfully","service":"e_commerce-api","timestamp":"2026-03-23T07:15:42.276Z"}
{"level":"info","message":"buyer auth middleware endpoint hit","service":"e_commerce-api","timestamp":"2026-03-23T07:15:42.277Z"}
{"level":"warn","message":"buyer authorization failed","service":"e_commerce-api","timestamp":"2026-03-23T07:15:42.277Z"}
{"level":"info","message":"GET /api/users/profile 403 69 - 7.475 ms","service":"e_commerce-api","timestamp":"2026-03-23T07:15:42.279Z"}
{"level":"info","message":"get all products endpoint hit","service":"e_commerce-api","timestamp":"2026-03-23T07:15:48.182Z"}
{"level":"info","message":"GET /api/product/all 304 - - 120.380 ms","service":"e_commerce-api","timestamp":"2026-03-23T07:15:48.303Z"}
{"level":"info","message":"Login endpoint hit....","service":"e_commerce-api","timestamp":"2026-03-23T07:15:53.472Z"}
{"level":"info","message":"user exist ,check user is blocked or not","service":"e_commerce-api","timestamp":"2026-03-23T07:15:53.594Z"}
{"level":"info","message":"Email sent successfully to kumarsurya45394@gmail.com","messageId":"<9042beb8-0373-2330-d2bd-8ea2a2f1d319@gmail.com>","service":"e_commerce-api","timestamp":"2026-03-23T07:15:57.212Z"}
{"0":"2","1":"5","10":"O","11":"K","12":" ","13":" ","14":"1","15":"7","16":"7","17":"4","18":"2","19":"5","2":"0","20":"0","21":"1","22":"5","23":"9","24":" ","25":"9","26":"8","27":"e","28":"6","29":"7","3":" ","30":"e","31":"d","32":"5","33":"9","34":"e","35":"1","36":"d","37":"1","38":"-","39":"3","4":"2","40":"5","41":"b","42":"d","43":"2","44":"6","45":"4","46":"2","47":"0","48":"c","49":"d","5":".","50":"s","51":"m","52":"3","53":"1","54":"4","55":"8","56":"3","57":"7","58":"5","59":"a","6":"0","60":"9","61":"1","62":".","63":"2","64":" ","65":"-","66":" ","67":"g","68":"s","69":"m","7":".","70":"t","71":"p","8":"0","9":" ","level":"info","message":"Email sent:","service":"e_commerce-api","timestamp":"2026-03-23T07:15:57.213Z"}
{"level":"info","message":"POST /api/auth/login 200 97 - 3746.563 ms","service":"e_commerce-api","timestamp":"2026-03-23T07:15:57.216Z"}
{"level":"info","message":"verify otp endpoint hit.....","service":"e_commerce-api","timestamp":"2026-03-23T07:16:10.984Z"}
{"level":"info","message":"Generating tokens for user: kumarsurya45394@gmail.com","service":"e_commerce-api","timestamp":"2026-03-23T07:16:10.986Z"}
{"level":"info","message":"Tokens generated successfully for userId: 69bff5fc3b15523e70338269","service":"e_commerce-api","timestamp":"2026-03-23T07:16:11.241Z"}
{"level":"info","message":"otp verify sucessfully","service":"e_commerce-api","timestamp":"2026-03-23T07:16:11.242Z"}
{"level":"info","message":"POST /api/auth/verify 200 409 - 262.837 ms","service":"e_commerce-api","timestamp":"2026-03-23T07:16:11.244Z"}
{"level":"info","message":"authenticate endpoin hit","service":"e_commerce-api","timestamp":"2026-03-23T07:16:11.254Z"}
{"level":"info","message":"authenticated successfully","service":"e_commerce-api","timestamp":"2026-03-23T07:16:11.259Z"}
{"level":"info","message":"buyer auth middleware endpoint hit","service":"e_commerce-api","timestamp":"2026-03-23T07:16:11.261Z"}
{"level":"info","message":"buyer authenticated","service":"e_commerce-api","timestamp":"2026-03-23T07:16:11.262Z"}
{"level":"info","message":"get- profile endpoint  hit","service":"e_commerce-api","timestamp":"2026-03-23T07:16:11.262Z"}
{"level":"info","message":"user data successfully find ","service":"e_commerce-api","timestamp":"2026-03-23T07:16:11.319Z"}
{"level":"info","message":"GET /api/users/profile 200 293 - 68.220 ms","service":"e_commerce-api","timestamp":"2026-03-23T07:16:11.321Z"}
{"level":"info","message":"authenticate endpoin hit","service":"e_commerce-api","timestamp":"2026-03-23T07:30:54.209Z"}
{"level":"info","message":"authenticated successfully","service":"e_commerce-api","timestamp":"2026-03-23T07:30:54.213Z"}
{"level":"info","message":"buyer auth middleware endpoint hit","service":"e_commerce-api","timestamp":"2026-03-23T07:30:54.214Z"}
{"level":"info","message":"buyer authenticated","service":"e_commerce-api","timestamp":"2026-03-23T07:30:54.215Z"}
{"level":"info","message":"get- profile endpoint  hit","service":"e_commerce-api","timestamp":"2026-03-23T07:30:54.216Z"}
{"level":"warn","message":"Mongoose disconnected","service":"e_commerce-api","timestamp":"2026-03-23T07:30:54.753Z"}
{"level":"info","message":"Mongoose connected to database","service":"e_commerce-api","timestamp":"2026-03-23T07:30:54.959Z"}
{"level":"info","message":"user data successfully find ","service":"e_commerce-api","timestamp":"2026-03-23T07:30:55.525Z"}
{"level":"info","message":"GET /api/users/profile 304 - - 1323.934 ms","service":"e_commerce-api","timestamp":"2026-03-23T07:30:55.528Z"}
{"level":"info","message":"Using Local Redis","service":"e_commerce-api","timestamp":"2026-03-23T07:32:29.267Z"}
{"level":"info","message":"Email transporter initialized","service":"e_commerce-api","timestamp":"2026-03-23T07:32:29.442Z"}
{"level":"info","message":"Cloudinary configured successfully","service":"e_commerce-api","timestamp":"2026-03-23T07:32:30.301Z"}
{"level":"info","message":"Server is running on port 5000","service":"e_commerce-api","timestamp":"2026-03-23T07:32:30.319Z"}
{"level":"info","message":"Redis connected","service":"e_commerce-api","timestamp":"2026-03-23T07:32:30.351Z"}
{"level":"info","message":"MongoDB connected successfully: ac-tndgswv-shard-00-00.z9n5uke.mongodb.net","service":"e_commerce-api","timestamp":"2026-03-23T07:32:31.773Z"}
{"level":"info","message":"Using Local Redis","service":"e_commerce-api","timestamp":"2026-03-23T07:32:51.368Z"}
{"level":"info","message":"Email transporter initialized","service":"e_commerce-api","timestamp":"2026-03-23T07:32:51.495Z"}
{"level":"info","message":"Cloudinary configured successfully","service":"e_commerce-api","timestamp":"2026-03-23T07:32:51.997Z"}
{"level":"info","message":"Server is running on port 5000","service":"e_commerce-api","timestamp":"2026-03-23T07:32:52.010Z"}
{"level":"info","message":"Redis connected","service":"e_commerce-api","timestamp":"2026-03-23T07:32:52.022Z"}
{"level":"info","message":"MongoDB connected successfully: ac-tndgswv-shard-00-02.z9n5uke.mongodb.net","service":"e_commerce-api","timestamp":"2026-03-23T07:32:53.167Z"}
{"level":"info","message":"Using Local Redis","service":"e_commerce-api","timestamp":"2026-03-23T07:33:49.014Z"}
{"level":"info","message":"Email transporter initialized","service":"e_commerce-api","timestamp":"2026-03-23T07:33:49.140Z"}
{"level":"info","message":"Cloudinary configured successfully","service":"e_commerce-api","timestamp":"2026-03-23T07:33:49.730Z"}
{"level":"info","message":"Server is running on port 5000","service":"e_commerce-api","timestamp":"2026-03-23T07:33:49.750Z"}
{"level":"info","message":"Redis connected","service":"e_commerce-api","timestamp":"2026-03-23T07:33:49.768Z"}
{"level":"info","message":"MongoDB connected successfully: ac-tndgswv-shard-00-00.z9n5uke.mongodb.net","service":"e_commerce-api","timestamp":"2026-03-23T07:33:51.351Z"}
{"level":"info","message":"Using Local Redis","service":"e_commerce-api","timestamp":"2026-03-23T07:34:16.171Z"}
{"level":"info","message":"Email transporter initialized","service":"e_commerce-api","timestamp":"2026-03-23T07:34:16.297Z"}
{"level":"info","message":"Cloudinary configured successfully","service":"e_commerce-api","timestamp":"2026-03-23T07:34:16.796Z"}
{"level":"info","message":"Server is running on port 5000","service":"e_commerce-api","timestamp":"2026-03-23T07:34:16.810Z"}
{"level":"info","message":"Redis connected","service":"e_commerce-api","timestamp":"2026-03-23T07:34:16.824Z"}
{"level":"info","message":"MongoDB connected successfully: ac-tndgswv-shard-00-02.z9n5uke.mongodb.net","service":"e_commerce-api","timestamp":"2026-03-23T07:34:18.197Z"}
{"level":"info","message":"Using Local Redis","service":"e_commerce-api","timestamp":"2026-03-23T07:34:30.439Z"}
{"level":"info","message":"Email transporter initialized","service":"e_commerce-api","timestamp":"2026-03-23T07:34:30.573Z"}
{"level":"info","message":"Cloudinary configured successfully","service":"e_commerce-api","timestamp":"2026-03-23T07:34:31.144Z"}
{"level":"info","message":"Server is running on port 5000","service":"e_commerce-api","timestamp":"2026-03-23T07:34:31.157Z"}
{"level":"info","message":"Redis connected","service":"e_commerce-api","timestamp":"2026-03-23T07:34:31.173Z"}
{"level":"info","message":"MongoDB connected successfully: ac-tndgswv-shard-00-00.z9n5uke.mongodb.net","service":"e_commerce-api","timestamp":"2026-03-23T07:34:32.306Z"}
{"level":"info","message":"Using Local Redis","service":"e_commerce-api","timestamp":"2026-03-23T07:34:56.857Z"}
{"level":"info","message":"Email transporter initialized","service":"e_commerce-api","timestamp":"2026-03-23T07:34:57.007Z"}
{"level":"info","message":"Cloudinary configured successfully","service":"e_commerce-api","timestamp":"2026-03-23T07:34:57.545Z"}
{"level":"info","message":"Server is running on port 5000","service":"e_commerce-api","timestamp":"2026-03-23T07:34:57.559Z"}
{"level":"info","message":"Redis connected","service":"e_commerce-api","timestamp":"2026-03-23T07:34:57.570Z"}
{"level":"info","message":"MongoDB connected successfully: ac-tndgswv-shard-00-00.z9n5uke.mongodb.net","service":"e_commerce-api","timestamp":"2026-03-23T07:34:59.198Z"}
{"level":"info","message":"Using Local Redis","service":"e_commerce-api","timestamp":"2026-03-23T07:35:24.068Z"}
{"level":"info","message":"Email transporter initialized","service":"e_commerce-api","timestamp":"2026-03-23T07:35:24.208Z"}
{"level":"info","message":"Cloudinary configured successfully","service":"e_commerce-api","timestamp":"2026-03-23T07:35:24.811Z"}
{"level":"info","message":"Server is running on port 5000","service":"e_commerce-api","timestamp":"2026-03-23T07:35:24.827Z"}
{"level":"info","message":"Redis connected","service":"e_commerce-api","timestamp":"2026-03-23T07:35:24.845Z"}
{"level":"info","message":"MongoDB connected successfully: ac-tndgswv-shard-00-02.z9n5uke.mongodb.net","service":"e_commerce-api","timestamp":"2026-03-23T07:35:25.965Z"}
{"level":"info","message":"Using Local Redis","service":"e_commerce-api","timestamp":"2026-03-23T07:35:47.487Z"}
{"level":"info","message":"Email transporter initialized","service":"e_commerce-api","timestamp":"2026-03-23T07:35:47.667Z"}
{"level":"info","message":"Cloudinary configured successfully","service":"e_commerce-api","timestamp":"2026-03-23T07:35:48.726Z"}
{"level":"info","message":"Server is running on port 5000","service":"e_commerce-api","timestamp":"2026-03-23T07:35:48.751Z"}
{"level":"info","message":"Redis connected","service":"e_commerce-api","timestamp":"2026-03-23T07:35:48.768Z"}
{"level":"info","message":"MongoDB connected successfully: ac-tndgswv-shard-00-00.z9n5uke.mongodb.net","service":"e_commerce-api","timestamp":"2026-03-23T07:35:50.029Z"}
{"level":"info","message":"Using Local Redis","service":"e_commerce-api","timestamp":"2026-03-23T07:36:07.106Z"}
{"level":"info","message":"Email transporter initialized","service":"e_commerce-api","timestamp":"2026-03-23T07:36:07.253Z"}
{"level":"info","message":"Cloudinary configured successfully","service":"e_commerce-api","timestamp":"2026-03-23T07:36:07.858Z"}
{"level":"info","message":"Server is running on port 5000","service":"e_commerce-api","timestamp":"2026-03-23T07:36:07.873Z"}
{"level":"info","message":"Redis connected","service":"e_commerce-api","timestamp":"2026-03-23T07:36:07.888Z"}
{"level":"info","message":"MongoDB connected successfully: ac-tndgswv-shard-00-00.z9n5uke.mongodb.net","service":"e_commerce-api","timestamp":"2026-03-23T07:36:08.978Z"}
{"level":"info","message":"authenticate endpoin hit","service":"e_commerce-api","timestamp":"2026-03-23T07:39:52.123Z"}
{"level":"warn","message":"authentication failed, token expired","service":"e_commerce-api","timestamp":"2026-03-23T07:39:52.133Z"}
{"level":"info","message":"GET /api/users/profile 401 65 - 46.113 ms","service":"e_commerce-api","timestamp":"2026-03-23T07:39:52.144Z"}
{"level":"info","message":"refresgh token endpoint hit...","service":"e_commerce-api","timestamp":"2026-03-23T07:39:52.279Z"}
{"level":"info","message":"Generating tokens for user: kumarsurya45394@gmail.com","service":"e_commerce-api","timestamp":"2026-03-23T07:39:52.619Z"}
{"level":"info","message":"Tokens generated successfully for userId: 69bff5fc3b15523e70338269","service":"e_commerce-api","timestamp":"2026-03-23T07:39:52.857Z"}
{"level":"info","message":"token refreshed sucessfully","service":"e_commerce-api","timestamp":"2026-03-23T07:39:53.025Z"}
{"level":"info","message":"POST /api/auth/refresh 200 360 - 754.078 ms","service":"e_commerce-api","timestamp":"2026-03-23T07:39:53.028Z"}
{"level":"info","message":"authenticate endpoin hit","service":"e_commerce-api","timestamp":"2026-03-23T07:39:53.037Z"}
{"level":"info","message":"authenticated successfully","service":"e_commerce-api","timestamp":"2026-03-23T07:39:53.040Z"}
{"level":"info","message":"buyer auth middleware endpoint hit","service":"e_commerce-api","timestamp":"2026-03-23T07:39:53.041Z"}
{"level":"info","message":"buyer authenticated","service":"e_commerce-api","timestamp":"2026-03-23T07:39:53.042Z"}
{"level":"info","message":"get- profile endpoint  hit","service":"e_commerce-api","timestamp":"2026-03-23T07:39:53.042Z"}
{"level":"info","message":"user data successfully find ","service":"e_commerce-api","timestamp":"2026-03-23T07:39:53.215Z"}
{"level":"info","message":"GET /api/users/profile 304 - - 184.430 ms","service":"e_commerce-api","timestamp":"2026-03-23T07:39:53.219Z"}
{"level":"info","message":"logout user endpoint hit...","service":"e_commerce-api","timestamp":"2026-03-23T07:40:01.504Z"}
{"level":"info","message":"refresh token deleted successfully for logout","service":"e_commerce-api","timestamp":"2026-03-23T07:40:01.834Z"}
{"level":"info","message":"POST /api/auth/logout 200 51 - 333.995 ms","service":"e_commerce-api","timestamp":"2026-03-23T07:40:01.837Z"}
{"level":"info","message":"Login endpoint hit....","service":"e_commerce-api","timestamp":"2026-03-23T07:40:06.378Z"}
{"level":"info","message":"user exist ,check user is blocked or not","service":"e_commerce-api","timestamp":"2026-03-23T07:40:06.472Z"}
{"level":"info","message":"Email sent successfully to kumarsurya45394@gmail.com","messageId":"<85fa4b01-3b7c-29af-3c14-80348166934a@gmail.com>","service":"e_commerce-api","timestamp":"2026-03-23T07:40:10.197Z"}
{"0":"2","1":"5","10":"O","11":"K","12":" ","13":" ","14":"1","15":"7","16":"7","17":"4","18":"2","19":"5","2":"0","20":"1","21":"6","22":"1","23":"2","24":" ","25":"9","26":"8","27":"e","28":"6","29":"7","3":" ","30":"e","31":"d","32":"5","33":"9","34":"e","35":"1","36":"d","37":"1","38":"-","39":"3","4":"2","40":"5","41":"b","42":"d","43":"3","44":"e","45":"f","46":"b","47":"8","48":"d","49":"3","5":".","50":"s","51":"m","52":"8","53":"0","54":"7","55":"2","56":"0","57":"8","58":"6","59":"a","6":"0","60":"9","61":"1","62":".","63":"6","64":" ","65":"-","66":" ","67":"g","68":"s","69":"m","7":".","70":"t","71":"p","8":"0","9":" ","level":"info","message":"Email sent:","service":"e_commerce-api","timestamp":"2026-03-23T07:40:10.198Z"}
{"level":"info","message":"POST /api/auth/login 200 97 - 3826.128 ms","service":"e_commerce-api","timestamp":"2026-03-23T07:40:10.201Z"}
{"level":"info","message":"verify otp endpoint hit.....","service":"e_commerce-api","timestamp":"2026-03-23T07:41:00.930Z"}
{"level":"info","message":"Generating tokens for user: kumarsurya45394@gmail.com","service":"e_commerce-api","timestamp":"2026-03-23T07:41:00.933Z"}
{"level":"info","message":"Tokens generated successfully for userId: 69bff5fc3b15523e70338269","service":"e_commerce-api","timestamp":"2026-03-23T07:41:01.102Z"}
{"level":"info","message":"otp verify sucessfully","service":"e_commerce-api","timestamp":"2026-03-23T07:41:01.103Z"}
{"level":"info","message":"POST /api/auth/verify 200 409 - 179.919 ms","service":"e_commerce-api","timestamp":"2026-03-23T07:41:01.105Z"}
{"level":"info","message":"authenticate endpoin hit","service":"e_commerce-api","timestamp":"2026-03-23T07:41:01.114Z"}
{"level":"info","message":"authenticated successfully","service":"e_commerce-api","timestamp":"2026-03-23T07:41:01.117Z"}
{"level":"info","message":"buyer auth middleware endpoint hit","service":"e_commerce-api","timestamp":"2026-03-23T07:41:01.118Z"}
{"level":"info","message":"buyer authenticated","service":"e_commerce-api","timestamp":"2026-03-23T07:41:01.118Z"}
{"level":"info","message":"get- profile endpoint  hit","service":"e_commerce-api","timestamp":"2026-03-23T07:41:01.118Z"}
{"level":"info","message":"user data successfully find ","service":"e_commerce-api","timestamp":"2026-03-23T07:41:01.227Z"}
{"level":"info","message":"GET /api/users/profile 304 - - 116.725 ms","service":"e_commerce-api","timestamp":"2026-03-23T07:41:01.230Z"}
{"level":"info","message":"authenticate endpoin hit","service":"e_commerce-api","timestamp":"2026-03-23T07:41:03.536Z"}
{"level":"info","message":"authenticated successfully","service":"e_commerce-api","timestamp":"2026-03-23T07:41:03.540Z"}
{"level":"info","message":"seller auth middleware endpoint hit","service":"e_commerce-api","timestamp":"2026-03-23T07:41:03.540Z"}
{"level":"warn","message":"seller authorization failed","service":"e_commerce-api","timestamp":"2026-03-23T07:41:03.541Z"}
{"level":"info","message":"GET /api/product/seller/my-products 403 70 - 6.810 ms","service":"e_commerce-api","timestamp":"2026-03-23T07:41:03.543Z"}
{"level":"info","message":"authenticate endpoin hit","service":"e_commerce-api","timestamp":"2026-03-23T07:41:03.548Z"}
{"level":"info","message":"authenticated successfully","service":"e_commerce-api","timestamp":"2026-03-23T07:41:03.550Z"}
{"level":"info","message":"admin and seller auth middleware endpoint hit","service":"e_commerce-api","timestamp":"2026-03-23T07:41:03.552Z"}
{"level":"info","message":"authenticate endpoin hit","service":"e_commerce-api","timestamp":"2026-03-23T07:41:03.557Z"}
{"level":"info","message":"authenticated successfully","service":"e_commerce-api","timestamp":"2026-03-23T07:41:03.559Z"}
{"level":"info","message":"seller auth middleware endpoint hit","service":"e_commerce-api","timestamp":"2026-03-23T07:41:03.560Z"}
{"level":"warn","message":"seller authorization failed","service":"e_commerce-api","timestamp":"2026-03-23T07:41:03.560Z"}
{"level":"info","message":"GET /api/secure/pending 403 70 - 15.536 ms","service":"e_commerce-api","timestamp":"2026-03-23T07:41:03.562Z"}
{"level":"error","message":"admin and seller authentication failed:  Cannot read properties of null (reading 'approvalStatus')","service":"e_commerce-api","stack":"TypeError: Cannot read properties of null (reading 'approvalStatus')\n    at AdminSellerAuth (D:\\e-commerce\\backend\\middleware\\authMiddleware.js:157:30)\n    at process.processTicksAndRejections (node:internal/process/task_queues:105:5)","timestamp":"2026-03-23T07:41:03.788Z"}
{"level":"info","message":"GET /api/seller/profile 500 50 - 241.605 ms","service":"e_commerce-api","timestamp":"2026-03-23T07:41:03.791Z"}
{"level":"info","message":"authenticate endpoin hit","service":"e_commerce-api","timestamp":"2026-03-23T07:48:02.446Z"}
{"level":"info","message":"authenticated successfully","service":"e_commerce-api","timestamp":"2026-03-23T07:48:02.714Z"}
{"level":"info","message":"buyer auth middleware endpoint hit","service":"e_commerce-api","timestamp":"2026-03-23T07:48:02.751Z"}
{"level":"info","message":"buyer authenticated","service":"e_commerce-api","timestamp":"2026-03-23T07:48:02.784Z"}
{"level":"info","message":"get- profile endpoint  hit","service":"e_commerce-api","timestamp":"2026-03-23T07:48:02.841Z"}
{"level":"warn","message":"Mongoose disconnected","service":"e_commerce-api","timestamp":"2026-03-23T07:48:03.254Z"}
{"level":"info","message":"Mongoose connected to database","service":"e_commerce-api","timestamp":"2026-03-23T07:48:03.374Z"}
{"level":"info","message":"user data successfully find ","service":"e_commerce-api","timestamp":"2026-03-23T07:48:03.917Z"}
{"level":"info","message":"GET /api/users/profile 304 - - 1569.706 ms","service":"e_commerce-api","timestamp":"2026-03-23T07:48:03.929Z"}
{"level":"info","message":"authenticate endpoin hit","service":"e_commerce-api","timestamp":"2026-03-23T07:48:03.961Z"}
{"level":"info","message":"authenticated successfully","service":"e_commerce-api","timestamp":"2026-03-23T07:48:03.966Z"}
{"level":"info","message":"seller auth middleware endpoint hit","service":"e_commerce-api","timestamp":"2026-03-23T07:48:03.967Z"}
{"level":"warn","message":"seller authorization failed","service":"e_commerce-api","timestamp":"2026-03-23T07:48:03.969Z"}
{"level":"info","message":"GET /api/product/seller/my-products 403 70 - 14.909 ms","service":"e_commerce-api","timestamp":"2026-03-23T07:48:03.977Z"}
{"level":"info","message":"authenticate endpoin hit","service":"e_commerce-api","timestamp":"2026-03-23T07:48:03.987Z"}
{"level":"info","message":"authenticated successfully","service":"e_commerce-api","timestamp":"2026-03-23T07:48:03.994Z"}
{"level":"info","message":"admin and seller auth middleware endpoint hit","service":"e_commerce-api","timestamp":"2026-03-23T07:48:03.994Z"}
{"level":"info","message":"authenticate endpoin hit","service":"e_commerce-api","timestamp":"2026-03-23T07:48:04.002Z"}
{"level":"info","message":"authenticated successfully","service":"e_commerce-api","timestamp":"2026-03-23T07:48:04.011Z"}
{"level":"info","message":"seller auth middleware endpoint hit","service":"e_commerce-api","timestamp":"2026-03-23T07:48:04.012Z"}
{"level":"warn","message":"seller authorization failed","service":"e_commerce-api","timestamp":"2026-03-23T07:48:04.014Z"}
{"level":"info","message":"GET /api/secure/pending 403 70 - 31.803 ms","service":"e_commerce-api","timestamp":"2026-03-23T07:48:04.016Z"}
{"level":"error","message":"admin and seller authentication failed:  Cannot read properties of null (reading 'approvalStatus')","service":"e_commerce-api","stack":"TypeError: Cannot read properties of null (reading 'approvalStatus')\n    at AdminSellerAuth (D:\\e-commerce\\backend\\middleware\\authMiddleware.js:157:30)\n    at process.processTicksAndRejections (node:internal/process/task_queues:105:5)","timestamp":"2026-03-23T07:48:04.160Z"}
{"level":"info","message":"GET /api/seller/profile 500 50 - 177.289 ms","service":"e_commerce-api","timestamp":"2026-03-23T07:48:04.165Z"}
{"level":"info","message":"authenticate endpoin hit","service":"e_commerce-api","timestamp":"2026-03-23T07:51:40.895Z"}
{"level":"info","message":"authenticated successfully","service":"e_commerce-api","timestamp":"2026-03-23T07:51:40.900Z"}
{"level":"info","message":"register-seller endpoint hit","service":"e_commerce-api","timestamp":"2026-03-23T07:51:40.901Z"}
{"level":"warn","message":"seller profile incomplete, registration failed","service":"e_commerce-api","timestamp":"2026-03-23T07:51:40.970Z"}
{"level":"info","message":"POST /api/seller/register 400 79 - 78.472 ms","service":"e_commerce-api","timestamp":"2026-03-23T07:51:40.974Z"}
{"level":"info","message":"authenticate endpoin hit","service":"e_commerce-api","timestamp":"2026-03-23T07:52:57.245Z"}
{"level":"info","message":"authenticated successfully","service":"e_commerce-api","timestamp":"2026-03-23T07:52:57.249Z"}
{"level":"info","message":"admin and user auth middleware endpoint hit","service":"e_commerce-api","timestamp":"2026-03-23T07:52:57.253Z"}
{"level":"info","message":"user authenticated","service":"e_commerce-api","timestamp":"2026-03-23T07:52:57.351Z"}
{"level":"info","message":"update-profile endpoint hit ","service":"e_commerce-api","timestamp":"2026-03-23T07:52:57.353Z"}
{"level":"info","message":"user profile updated successfully","service":"e_commerce-api","timestamp":"2026-03-23T07:52:57.641Z"}
{"level":"info","message":"PUT /api/users/profile/update 200 457 - 402.248 ms","service":"e_commerce-api","timestamp":"2026-03-23T07:52:57.644Z"}
{"level":"info","message":"authenticate endpoin hit","service":"e_commerce-api","timestamp":"2026-03-23T07:52:57.659Z"}
{"level":"info","message":"authenticated successfully","service":"e_commerce-api","timestamp":"2026-03-23T07:52:57.662Z"}
{"level":"info","message":"buyer auth middleware endpoint hit","service":"e_commerce-api","timestamp":"2026-03-23T07:52:57.663Z"}
{"level":"info","message":"buyer authenticated","service":"e_commerce-api","timestamp":"2026-03-23T07:52:57.664Z"}
{"level":"info","message":"get- profile endpoint  hit","service":"e_commerce-api","timestamp":"2026-03-23T07:52:57.664Z"}
{"level":"info","message":"user data successfully find ","service":"e_commerce-api","timestamp":"2026-03-23T07:52:57.756Z"}
{"level":"info","message":"GET /api/users/profile 200 454 - 101.489 ms","service":"e_commerce-api","timestamp":"2026-03-23T07:52:57.759Z"}
{"level":"info","message":"authenticate endpoin hit","service":"e_commerce-api","timestamp":"2026-03-23T07:53:10.936Z"}
{"level":"info","message":"authenticated successfully","service":"e_commerce-api","timestamp":"2026-03-23T07:53:10.939Z"}
{"level":"info","message":"seller auth middleware endpoint hit","service":"e_commerce-api","timestamp":"2026-03-23T07:53:10.940Z"}
{"level":"warn","message":"seller authorization failed","service":"e_commerce-api","timestamp":"2026-03-23T07:53:10.941Z"}
{"level":"info","message":"GET /api/product/seller/my-products 403 70 - 7.815 ms","service":"e_commerce-api","timestamp":"2026-03-23T07:53:10.945Z"}
{"level":"info","message":"authenticate endpoin hit","service":"e_commerce-api","timestamp":"2026-03-23T07:53:10.951Z"}
{"level":"info","message":"authenticated successfully","service":"e_commerce-api","timestamp":"2026-03-23T07:53:10.954Z"}
{"level":"info","message":"admin and seller auth middleware endpoint hit","service":"e_commerce-api","timestamp":"2026-03-23T07:53:10.955Z"}
{"level":"info","message":"authenticate endpoin hit","service":"e_commerce-api","timestamp":"2026-03-23T07:53:10.959Z"}
{"level":"info","message":"authenticated successfully","service":"e_commerce-api","timestamp":"2026-03-23T07:53:10.962Z"}
{"level":"info","message":"seller auth middleware endpoint hit","service":"e_commerce-api","timestamp":"2026-03-23T07:53:10.963Z"}
{"level":"warn","message":"seller authorization failed","service":"e_commerce-api","timestamp":"2026-03-23T07:53:10.964Z"}
{"level":"info","message":"GET /api/secure/pending 403 70 - 17.159 ms","service":"e_commerce-api","timestamp":"2026-03-23T07:53:10.966Z"}
{"level":"error","message":"admin and seller authentication failed:  Cannot read properties of null (reading 'approvalStatus')","service":"e_commerce-api","stack":"TypeError: Cannot read properties of null (reading 'approvalStatus')\n    at AdminSellerAuth (D:\\e-commerce\\backend\\middleware\\authMiddleware.js:157:30)\n    at process.processTicksAndRejections (node:internal/process/task_queues:105:5)","timestamp":"2026-03-23T07:53:11.128Z"}
{"level":"info","message":"GET /api/seller/profile 500 50 - 178.236 ms","service":"e_commerce-api","timestamp":"2026-03-23T07:53:11.131Z"}
{"level":"info","message":"authenticate endpoin hit","service":"e_commerce-api","timestamp":"2026-03-23T07:54:06.837Z"}
{"level":"info","message":"authenticated successfully","service":"e_commerce-api","timestamp":"2026-03-23T07:54:06.844Z"}
{"level":"info","message":"register-seller endpoint hit","service":"e_commerce-api","timestamp":"2026-03-23T07:54:06.845Z"}
{"level":"info","message":"seller registered successfully","service":"e_commerce-api","timestamp":"2026-03-23T07:54:07.187Z"}
{"level":"info","message":"Email sent successfully to kumarsurya45394@gmail.com","messageId":"<fc75b21d-03b3-b062-c15b-11231226887b@gmail.com>","service":"e_commerce-api","timestamp":"2026-03-23T07:54:11.180Z"}
{"0":"2","1":"5","10":"O","11":"K","12":" ","13":" ","14":"1","15":"7","16":"7","17":"4","18":"2","19":"5","2":"0","20":"2","21":"4","22":"5","23":"3","24":" ","25":"4","26":"1","27":"b","28":"e","29":"0","3":" ","30":"3","31":"b","32":"0","33":"0","34":"d","35":"2","36":"f","37":"7","38":"-","39":"c","4":"2","40":"7","41":"4","42":"4","43":"4","44":"3","45":"c","46":"c","47":"2","48":"a","49":"8","5":".","50":"s","51":"m","52":"7","53":"0","54":"5","55":"6","56":"5","57":"2","58":"5","59":"a","6":"0","60":"1","61":"2","62":".","63":"2","64":"7","65":" ","66":"-","67":" ","68":"g","69":"s","7":".","70":"m","71":"t","72":"p","8":"0","9":" ","level":"info","message":"Email sent:","service":"e_commerce-api","timestamp":"2026-03-23T07:54:11.181Z"}
{"level":"info","message":"POST /api/seller/register 201 464 - 4347.583 ms","service":"e_commerce-api","timestamp":"2026-03-23T07:54:11.186Z"}
{"level":"info","message":"authenticate endpoin hit","service":"e_commerce-api","timestamp":"2026-03-23T07:54:11.205Z"}
{"level":"info","message":"authenticated successfully","service":"e_commerce-api","timestamp":"2026-03-23T07:54:11.210Z"}
{"level":"info","message":"buyer auth middleware endpoint hit","service":"e_commerce-api","timestamp":"2026-03-23T07:54:11.211Z"}
{"level":"info","message":"buyer authenticated","service":"e_commerce-api","timestamp":"2026-03-23T07:54:11.212Z"}
{"level":"info","message":"get- profile endpoint  hit","service":"e_commerce-api","timestamp":"2026-03-23T07:54:11.213Z"}
{"level":"info","message":"user data successfully find ","service":"e_commerce-api","timestamp":"2026-03-23T07:54:11.283Z"}
{"level":"info","message":"GET /api/users/profile 304 - - 84.341 ms","service":"e_commerce-api","timestamp":"2026-03-23T07:54:11.287Z"}
{"level":"info","message":"authenticate endpoin hit","service":"e_commerce-api","timestamp":"2026-03-23T07:54:11.306Z"}
{"level":"info","message":"authenticated successfully","service":"e_commerce-api","timestamp":"2026-03-23T07:54:11.309Z"}
{"level":"info","message":"seller auth middleware endpoint hit","service":"e_commerce-api","timestamp":"2026-03-23T07:54:11.310Z"}
{"level":"warn","message":"seller authorization failed","service":"e_commerce-api","timestamp":"2026-03-23T07:54:11.311Z"}
{"level":"info","message":"GET /api/product/seller/my-products 403 70 - 6.537 ms","service":"e_commerce-api","timestamp":"2026-03-23T07:54:11.314Z"}
{"level":"info","message":"authenticate endpoin hit","service":"e_commerce-api","timestamp":"2026-03-23T07:54:11.320Z"}
{"level":"info","message":"authenticated successfully","service":"e_commerce-api","timestamp":"2026-03-23T07:54:11.324Z"}
{"level":"info","message":"admin and seller auth middleware endpoint hit","service":"e_commerce-api","timestamp":"2026-03-23T07:54:11.324Z"}
{"level":"info","message":"authenticate endpoin hit","service":"e_commerce-api","timestamp":"2026-03-23T07:54:11.332Z"}
{"level":"info","message":"authenticated successfully","service":"e_commerce-api","timestamp":"2026-03-23T07:54:11.339Z"}
{"level":"info","message":"seller auth middleware endpoint hit","service":"e_commerce-api","timestamp":"2026-03-23T07:54:11.340Z"}
{"level":"warn","message":"seller authorization failed","service":"e_commerce-api","timestamp":"2026-03-23T07:54:11.341Z"}
{"level":"info","message":"GET /api/secure/pending 403 70 - 28.202 ms","service":"e_commerce-api","timestamp":"2026-03-23T07:54:11.345Z"}
{"level":"warn","message":"seller approval status pending,so you can't see your profile","service":"e_commerce-api","timestamp":"2026-03-23T07:54:11.493Z"}
{"level":"info","message":"GET /api/seller/profile 403 59 - 174.640 ms","service":"e_commerce-api","timestamp":"2026-03-23T07:54:11.496Z"}
{"level":"info","message":"Login endpoint hit....","service":"e_commerce-api","timestamp":"2026-03-23T07:56:28.169Z"}
{"level":"info","message":"Email sent successfully to mrrajprasad5@gmail.com","messageId":"<fcae4291-2b03-913c-0d1a-637f96587e6e@gmail.com>","service":"e_commerce-api","timestamp":"2026-03-23T07:56:31.948Z"}
{"0":"2","1":"5","10":"O","11":"K","12":" ","13":" ","14":"1","15":"7","16":"7","17":"4","18":"2","19":"5","2":"0","20":"2","21":"5","22":"9","23":"4","24":" ","25":"d","26":"9","27":"4","28":"4","29":"3","3":" ","30":"c","31":"0","32":"1","33":"a","34":"7","35":"3","36":"3","37":"6","38":"-","39":"2","4":"2","40":"b","41":"0","42":"8","43":"3","44":"5","45":"2","46":"a","47":"e","48":"7","49":"0","5":".","50":"s","51":"m","52":"1","53":"0","54":"5","55":"7","56":"1","57":"6","58":"1","59":"6","6":"0","60":"5","61":"a","62":"d","63":".","64":"2","65":"3","66":" ","67":"-","68":" ","69":"g","7":".","70":"s","71":"m","72":"t","73":"p","8":"0","9":" ","level":"info","message":"Email sent:","service":"e_commerce-api","timestamp":"2026-03-23T07:56:31.988Z"}
{"level":"info","message":"admin email,otp sent to email","service":"e_commerce-api","timestamp":"2026-03-23T07:56:31.992Z"}
{"level":"info","message":"POST /api/auth/login 200 98 - 3827.391 ms","service":"e_commerce-api","timestamp":"2026-03-23T07:56:31.995Z"}
{"level":"info","message":"verify otp endpoint hit.....","service":"e_commerce-api","timestamp":"2026-03-23T07:56:41.304Z"}
{"level":"info","message":"Generating tokens for user: mrrajprasad5@gmail.com","service":"e_commerce-api","timestamp":"2026-03-23T07:56:41.307Z"}
{"level":"info","message":"Tokens generated successfully for userId: 69bf99f202be5d354b026f6e","service":"e_commerce-api","timestamp":"2026-03-23T07:56:41.612Z"}
{"level":"info","message":"otp verify sucessfully","service":"e_commerce-api","timestamp":"2026-03-23T07:56:41.613Z"}
{"level":"info","message":"POST /api/auth/verify 200 405 - 312.966 ms","service":"e_commerce-api","timestamp":"2026-03-23T07:56:41.615Z"}
{"level":"info","message":"authenticate endpoin hit","service":"e_commerce-api","timestamp":"2026-03-23T07:56:41.625Z"}
{"level":"info","message":"authenticated successfully","service":"e_commerce-api","timestamp":"2026-03-23T07:56:41.627Z"}
{"level":"info","message":"buyer auth middleware endpoint hit","service":"e_commerce-api","timestamp":"2026-03-23T07:56:41.628Z"}
{"level":"warn","message":"buyer authorization failed","service":"e_commerce-api","timestamp":"2026-03-23T07:56:41.628Z"}
{"level":"info","message":"GET /api/users/profile 403 69 - 6.910 ms","service":"e_commerce-api","timestamp":"2026-03-23T07:56:41.630Z"}
{"level":"info","message":"Using Local Redis","service":"e_commerce-api","timestamp":"2026-03-23T08:04:45.499Z"}
{"level":"info","message":"Email transporter initialized","service":"e_commerce-api","timestamp":"2026-03-23T08:04:45.715Z"}
{"level":"info","message":"Cloudinary configured successfully","service":"e_commerce-api","timestamp":"2026-03-23T08:04:46.731Z"}
{"level":"info","message":"Server is running on port 5000","service":"e_commerce-api","timestamp":"2026-03-23T08:04:46.760Z"}
{"level":"info","message":"Redis connected","service":"e_commerce-api","timestamp":"2026-03-23T08:04:46.797Z"}
{"level":"info","message":"MongoDB connected successfully: ac-tndgswv-shard-00-00.z9n5uke.mongodb.net","service":"e_commerce-api","timestamp":"2026-03-23T08:04:48.258Z"}
{"level":"info","message":"Login endpoint hit....","service":"e_commerce-api","timestamp":"2026-03-23T08:05:09.612Z"}
{"level":"info","message":"Email sent successfully to mrrajprasad5@gmail.com","messageId":"<1ca027c6-ad0b-51dc-8854-e2a78efd8a8e@gmail.com>","service":"e_commerce-api","timestamp":"2026-03-23T08:05:13.230Z"}
{"0":"2","1":"5","10":"O","11":"K","12":" ","13":" ","14":"1","15":"7","16":"7","17":"4","18":"2","19":"5","2":"0","20":"3","21":"1","22":"1","23":"5","24":" ","25":"d","26":"9","27":"4","28":"4","29":"3","3":" ","30":"c","31":"0","32":"1","33":"a","34":"7","35":"3","36":"3","37":"6","38":"-","39":"2","4":"2","40":"b","41":"0","42":"8","43":"3","44":"6","45":"a","46":"3","47":"2","48":"9","49":"9","5":".","50":"s","51":"m","52":"1","53":"0","54":"3","55":"4","56":"6","57":"1","58":"9","59":"3","6":"0","60":"5","61":"a","62":"d","63":".","64":"7","65":"6","66":" ","67":"-","68":" ","69":"g","7":".","70":"s","71":"m","72":"t","73":"p","8":"0","9":" ","level":"info","message":"Email sent:","service":"e_commerce-api","timestamp":"2026-03-23T08:05:13.232Z"}
{"level":"info","message":"admin email,otp sent to email","service":"e_commerce-api","timestamp":"2026-03-23T08:05:13.234Z"}
{"level":"info","message":"POST /api/auth/login 200 98 - 3646.593 ms","service":"e_commerce-api","timestamp":"2026-03-23T08:05:13.244Z"}
{"level":"info","message":"verify otp endpoint hit.....","service":"e_commerce-api","timestamp":"2026-03-23T08:05:25.667Z"}
{"level":"info","message":"Generating tokens for user: mrrajprasad5@gmail.com","service":"e_commerce-api","timestamp":"2026-03-23T08:05:25.670Z"}
{"level":"info","message":"Tokens generated successfully for userId: 69bf99f202be5d354b026f6e","service":"e_commerce-api","timestamp":"2026-03-23T08:05:26.131Z"}
{"level":"info","message":"otp verify sucessfully","service":"e_commerce-api","timestamp":"2026-03-23T08:05:26.132Z"}
{"level":"info","message":"POST /api/auth/verify 200 405 - 472.064 ms","service":"e_commerce-api","timestamp":"2026-03-23T08:05:26.134Z"}
{"level":"info","message":"authenticate endpoin hit","service":"e_commerce-api","timestamp":"2026-03-23T08:05:26.148Z"}
{"level":"info","message":"authenticated successfully","service":"e_commerce-api","timestamp":"2026-03-23T08:05:26.154Z"}
{"level":"info","message":"admin and user auth middleware endpoint hit","service":"e_commerce-api","timestamp":"2026-03-23T08:05:26.155Z"}
{"level":"info","message":"admin authenticated","service":"e_commerce-api","timestamp":"2026-03-23T08:05:26.155Z"}
{"level":"info","message":"get- profile endpoint  hit","service":"e_commerce-api","timestamp":"2026-03-23T08:05:26.157Z"}
{"level":"info","message":"user data successfully find ","service":"e_commerce-api","timestamp":"2026-03-23T08:05:26.412Z"}
{"level":"info","message":"GET /api/users/profile 200 230 - 270.460 ms","service":"e_commerce-api","timestamp":"2026-03-23T08:05:26.416Z"}
{"level":"info","message":"authenticate endpoin hit","service":"e_commerce-api","timestamp":"2026-03-23T08:05:32.295Z"}
{"level":"info","message":"authenticated successfully","service":"e_commerce-api","timestamp":"2026-03-23T08:05:32.298Z"}
{"level":"info","message":"admin auth middleware endpoint hit","service":"e_commerce-api","timestamp":"2026-03-23T08:05:32.298Z"}
{"level":"info","message":"admin authenticated","service":"e_commerce-api","timestamp":"2026-03-23T08:05:32.299Z"}
{"level":"info","message":"fetching all users endpoint hit","service":"e_commerce-api","timestamp":"2026-03-23T08:05:32.300Z"}
{"level":"info","message":"authenticate endpoin hit","service":"e_commerce-api","timestamp":"2026-03-23T08:05:32.306Z"}
{"level":"info","message":"authenticated successfully","service":"e_commerce-api","timestamp":"2026-03-23T08:05:32.311Z"}
{"level":"info","message":"admin auth middleware endpoint hit","service":"e_commerce-api","timestamp":"2026-03-23T08:05:32.311Z"}
{"level":"info","message":"admin authenticated","service":"e_commerce-api","timestamp":"2026-03-23T08:05:32.312Z"}
{"level":"info","message":"get all sellers endpoint hit","service":"e_commerce-api","timestamp":"2026-03-23T08:05:32.313Z"}
{"level":"info","message":"authenticate endpoin hit","service":"e_commerce-api","timestamp":"2026-03-23T08:05:32.325Z"}
{"level":"info","message":"authenticated successfully","service":"e_commerce-api","timestamp":"2026-03-23T08:05:32.328Z"}
{"level":"info","message":"admin auth middleware endpoint hit","service":"e_commerce-api","timestamp":"2026-03-23T08:05:32.329Z"}
{"level":"info","message":"admin authenticated","service":"e_commerce-api","timestamp":"2026-03-23T08:05:32.330Z"}
{"level":"info","message":"get pending products endpoint hit","service":"e_commerce-api","timestamp":"2026-03-23T08:05:32.332Z"}
{"level":"info","message":"authenticate endpoin hit","service":"e_commerce-api","timestamp":"2026-03-23T08:05:32.340Z"}
{"level":"info","message":"authenticated successfully","service":"e_commerce-api","timestamp":"2026-03-23T08:05:32.343Z"}
{"level":"info","message":"admin auth middleware endpoint hit","service":"e_commerce-api","timestamp":"2026-03-23T08:05:32.344Z"}
{"level":"info","message":"admin authenticated","service":"e_commerce-api","timestamp":"2026-03-23T08:05:32.345Z"}
{"level":"info","message":"get pending sellers endpoint hit","service":"e_commerce-api","timestamp":"2026-03-23T08:05:32.346Z"}
{"level":"info","message":"authenticate endpoin hit","service":"e_commerce-api","timestamp":"2026-03-23T08:05:32.350Z"}
{"level":"info","message":"authenticated successfully","service":"e_commerce-api","timestamp":"2026-03-23T08:05:32.353Z"}
{"level":"info","message":"admin auth middleware endpoint hit","service":"e_commerce-api","timestamp":"2026-03-23T08:05:32.354Z"}
{"level":"info","message":"admin authenticated","service":"e_commerce-api","timestamp":"2026-03-23T08:05:32.355Z"}
{"level":"info","message":"authenticate endpoin hit","service":"e_commerce-api","timestamp":"2026-03-23T08:05:32.356Z"}
{"level":"info","message":"authenticated successfully","service":"e_commerce-api","timestamp":"2026-03-23T08:05:32.359Z"}
{"level":"info","message":"admin auth middleware endpoint hit","service":"e_commerce-api","timestamp":"2026-03-23T08:05:32.360Z"}
{"level":"info","message":"admin authenticated","service":"e_commerce-api","timestamp":"2026-03-23T08:05:32.361Z"}
{"level":"info","message":"get all categories endpoint hit","service":"e_commerce-api","timestamp":"2026-03-23T08:05:32.362Z"}
{"level":"info","message":"GET /api/admin/users 200 693 - 92.337 ms","service":"e_commerce-api","timestamp":"2026-03-23T08:05:32.387Z"}
{"level":"info","message":"pending products retrieved successfully","service":"e_commerce-api","timestamp":"2026-03-23T08:05:32.415Z"}
{"level":"info","message":"GET /api/admin/products/pending 200 81 - 91.522 ms","service":"e_commerce-api","timestamp":"2026-03-23T08:05:32.417Z"}
{"level":"warn","message":"category not found","service":"e_commerce-api","timestamp":"2026-03-23T08:05:32.434Z"}
{"level":"info","message":"GET /api/admin/categories/all 404 48 - 85.538 ms","service":"e_commerce-api","timestamp":"2026-03-23T08:05:32.436Z"}
{"level":"info","message":"GET /api/admin/sellers 200 545 - 173.884 ms","service":"e_commerce-api","timestamp":"2026-03-23T08:05:32.480Z"}
{"level":"info","message":"pending sellers retrieved successfully","service":"e_commerce-api","timestamp":"2026-03-23T08:05:32.494Z"}
{"level":"info","message":"GET /api/admin/sellers/pending 200 530 - 155.693 ms","service":"e_commerce-api","timestamp":"2026-03-23T08:05:32.496Z"}
{"level":"info","message":"authenticate endpoin hit","service":"e_commerce-api","timestamp":"2026-03-23T08:28:22.226Z"}
{"level":"warn","message":"authentication failed, token expired","service":"e_commerce-api","timestamp":"2026-03-23T08:28:22.287Z"}
{"level":"info","message":"GET /api/users/profile 401 65 - 120.811 ms","service":"e_commerce-api","timestamp":"2026-03-23T08:28:22.332Z"}
{"level":"info","message":"refresgh token endpoint hit...","service":"e_commerce-api","timestamp":"2026-03-23T08:28:22.387Z"}
{"level":"warn","message":"Mongoose disconnected","service":"e_commerce-api","timestamp":"2026-03-23T08:28:22.790Z"}
{"level":"info","message":"Mongoose connected to database","service":"e_commerce-api","timestamp":"2026-03-23T08:28:23.037Z"}
{"level":"info","message":"Generating tokens for user: mrrajprasad5@gmail.com","service":"e_commerce-api","timestamp":"2026-03-23T08:28:23.675Z"}
{"level":"info","message":"Tokens generated successfully for userId: 69bf99f202be5d354b026f6e","service":"e_commerce-api","timestamp":"2026-03-23T08:28:23.924Z"}
{"level":"info","message":"token refreshed sucessfully","service":"e_commerce-api","timestamp":"2026-03-23T08:28:23.996Z"}
{"level":"info","message":"POST /api/auth/refresh 200 356 - 1623.779 ms","service":"e_commerce-api","timestamp":"2026-03-23T08:28:24.003Z"}
{"level":"info","message":"authenticate endpoin hit","service":"e_commerce-api","timestamp":"2026-03-23T08:28:24.035Z"}
{"level":"info","message":"authenticated successfully","service":"e_commerce-api","timestamp":"2026-03-23T08:28:24.042Z"}
{"level":"info","message":"admin and user auth middleware endpoint hit","service":"e_commerce-api","timestamp":"2026-03-23T08:28:24.043Z"}
{"level":"info","message":"admin authenticated","service":"e_commerce-api","timestamp":"2026-03-23T08:28:24.046Z"}
{"level":"info","message":"get- profile endpoint  hit","service":"e_commerce-api","timestamp":"2026-03-23T08:28:24.049Z"}
{"level":"info","message":"user data successfully find ","service":"e_commerce-api","timestamp":"2026-03-23T08:28:24.173Z"}
{"level":"info","message":"GET /api/users/profile 304 - - 154.748 ms","service":"e_commerce-api","timestamp":"2026-03-23T08:28:24.176Z"}
{"level":"info","message":"authenticate endpoin hit","service":"e_commerce-api","timestamp":"2026-03-23T08:28:24.246Z"}
{"level":"info","message":"authenticated successfully","service":"e_commerce-api","timestamp":"2026-03-23T08:28:24.255Z"}
{"level":"info","message":"admin auth middleware endpoint hit","service":"e_commerce-api","timestamp":"2026-03-23T08:28:24.265Z"}
{"level":"info","message":"admin authenticated","service":"e_commerce-api","timestamp":"2026-03-23T08:28:24.275Z"}
{"level":"info","message":"fetching all users endpoint hit","service":"e_commerce-api","timestamp":"2026-03-23T08:28:24.283Z"}
{"level":"info","message":"authenticate endpoin hit","service":"e_commerce-api","timestamp":"2026-03-23T08:28:24.306Z"}
{"level":"info","message":"authenticated successfully","service":"e_commerce-api","timestamp":"2026-03-23T08:28:24.325Z"}
{"level":"info","message":"admin auth middleware endpoint hit","service":"e_commerce-api","timestamp":"2026-03-23T08:28:24.334Z"}
{"level":"info","message":"admin authenticated","service":"e_commerce-api","timestamp":"2026-03-23T08:28:24.343Z"}
{"level":"info","message":"get pending sellers endpoint hit","service":"e_commerce-api","timestamp":"2026-03-23T08:28:24.354Z"}
{"level":"info","message":"authenticate endpoin hit","service":"e_commerce-api","timestamp":"2026-03-23T08:28:24.373Z"}
{"level":"info","message":"authenticated successfully","service":"e_commerce-api","timestamp":"2026-03-23T08:28:24.378Z"}
{"level":"info","message":"admin auth middleware endpoint hit","service":"e_commerce-api","timestamp":"2026-03-23T08:28:24.384Z"}
{"level":"info","message":"admin authenticated","service":"e_commerce-api","timestamp":"2026-03-23T08:28:24.390Z"}
{"level":"info","message":"get all sellers endpoint hit","service":"e_commerce-api","timestamp":"2026-03-23T08:28:24.392Z"}
{"level":"info","message":"authenticate endpoin hit","service":"e_commerce-api","timestamp":"2026-03-23T08:28:24.404Z"}
{"level":"info","message":"authenticated successfully","service":"e_commerce-api","timestamp":"2026-03-23T08:28:24.408Z"}
{"level":"info","message":"admin auth middleware endpoint hit","service":"e_commerce-api","timestamp":"2026-03-23T08:28:24.409Z"}
{"level":"info","message":"admin authenticated","service":"e_commerce-api","timestamp":"2026-03-23T08:28:24.410Z"}
{"level":"info","message":"authenticate endpoin hit","service":"e_commerce-api","timestamp":"2026-03-23T08:28:24.418Z"}
{"level":"info","message":"authenticated successfully","service":"e_commerce-api","timestamp":"2026-03-23T08:28:24.426Z"}
{"level":"info","message":"admin auth middleware endpoint hit","service":"e_commerce-api","timestamp":"2026-03-23T08:28:24.427Z"}
{"level":"info","message":"admin authenticated","service":"e_commerce-api","timestamp":"2026-03-23T08:28:24.432Z"}
{"level":"info","message":"get all categories endpoint hit","service":"e_commerce-api","timestamp":"2026-03-23T08:28:24.434Z"}
{"level":"info","message":"GET /api/admin/users 304 - - 205.293 ms","service":"e_commerce-api","timestamp":"2026-03-23T08:28:24.451Z"}
{"level":"info","message":"authenticate endpoin hit","service":"e_commerce-api","timestamp":"2026-03-23T08:28:24.456Z"}
{"level":"info","message":"authenticated successfully","service":"e_commerce-api","timestamp":"2026-03-23T08:28:24.466Z"}
{"level":"info","message":"admin auth middleware endpoint hit","service":"e_commerce-api","timestamp":"2026-03-23T08:28:24.467Z"}
{"level":"info","message":"admin authenticated","service":"e_commerce-api","timestamp":"2026-03-23T08:28:24.469Z"}
{"level":"info","message":"get pending products endpoint hit","service":"e_commerce-api","timestamp":"2026-03-23T08:28:24.470Z"}
{"level":"warn","message":"category not found","service":"e_commerce-api","timestamp":"2026-03-23T08:28:24.509Z"}
{"level":"info","message":"GET /api/admin/categories/all 404 48 - 115.160 ms","service":"e_commerce-api","timestamp":"2026-03-23T08:28:24.525Z"}
{"level":"info","message":"pending products retrieved successfully","service":"e_commerce-api","timestamp":"2026-03-23T08:28:24.569Z"}
{"level":"info","message":"GET /api/admin/products/pending 304 - - 115.696 ms","service":"e_commerce-api","timestamp":"2026-03-23T08:28:24.577Z"}
{"level":"info","message":"pending sellers retrieved successfully","service":"e_commerce-api","timestamp":"2026-03-23T08:28:25.188Z"}
{"level":"info","message":"GET /api/admin/sellers/pending 304 - - 885.774 ms","service":"e_commerce-api","timestamp":"2026-03-23T08:28:25.199Z"}
{"level":"info","message":"GET /api/admin/sellers 304 - - 840.281 ms","service":"e_commerce-api","timestamp":"2026-03-23T08:28:25.214Z"}
{"level":"info","message":"authenticate endpoin hit","service":"e_commerce-api","timestamp":"2026-03-23T08:28:25.384Z"}
{"level":"warn","message":"authentication failed, token expired","service":"e_commerce-api","timestamp":"2026-03-23T08:28:25.389Z"}
{"level":"info","message":"GET /api/users/profile 401 65 - 11.358 ms","service":"e_commerce-api","timestamp":"2026-03-23T08:28:25.395Z"}
{"level":"info","message":"refresgh token endpoint hit...","service":"e_commerce-api","timestamp":"2026-03-23T08:28:25.449Z"}
{"level":"info","message":"Generating tokens for user: kumarsurya45394@gmail.com","service":"e_commerce-api","timestamp":"2026-03-23T08:28:25.618Z"}
{"level":"info","message":"Tokens generated successfully for userId: 69bff5fc3b15523e70338269","service":"e_commerce-api","timestamp":"2026-03-23T08:28:25.814Z"}
{"level":"info","message":"token refreshed sucessfully","service":"e_commerce-api","timestamp":"2026-03-23T08:28:25.885Z"}
{"level":"info","message":"POST /api/auth/refresh 200 360 - 444.658 ms","service":"e_commerce-api","timestamp":"2026-03-23T08:28:25.888Z"}
{"level":"info","message":"authenticate endpoin hit","service":"e_commerce-api","timestamp":"2026-03-23T08:28:25.971Z"}
{"level":"info","message":"authenticated successfully","service":"e_commerce-api","timestamp":"2026-03-23T08:28:25.975Z"}
{"level":"info","message":"admin and user auth middleware endpoint hit","service":"e_commerce-api","timestamp":"2026-03-23T08:28:25.981Z"}
{"level":"info","message":"user authenticated","service":"e_commerce-api","timestamp":"2026-03-23T08:28:26.068Z"}
{"level":"info","message":"get- profile endpoint  hit","service":"e_commerce-api","timestamp":"2026-03-23T08:28:26.069Z"}
{"level":"info","message":"user data successfully find ","service":"e_commerce-api","timestamp":"2026-03-23T08:28:26.187Z"}
{"level":"info","message":"GET /api/users/profile 304 - - 222.863 ms","service":"e_commerce-api","timestamp":"2026-03-23T08:28:26.193Z"}
{"level":"info","message":"logout user endpoint hit...","service":"e_commerce-api","timestamp":"2026-03-23T08:32:42.478Z"}
{"level":"info","message":"refresh token deleted successfully for logout","service":"e_commerce-api","timestamp":"2026-03-23T08:32:42.858Z"}
{"level":"info","message":"POST /api/auth/logout 200 51 - 385.876 ms","service":"e_commerce-api","timestamp":"2026-03-23T08:32:42.860Z"}
{"level":"info","message":"Login endpoint hit....","service":"e_commerce-api","timestamp":"2026-03-23T08:32:53.818Z"}
{"level":"info","message":"user exist ,check user is blocked or not","service":"e_commerce-api","timestamp":"2026-03-23T08:32:53.919Z"}
{"level":"info","message":"Email sent successfully to kumarsurya45394@gmail.com","messageId":"<64b85797-b92d-b874-b824-99838d418e4b@gmail.com>","service":"e_commerce-api","timestamp":"2026-03-23T08:32:57.603Z"}
{"0":"2","1":"5","10":"O","11":"K","12":" ","13":" ","14":"1","15":"7","16":"7","17":"4","18":"2","19":"5","2":"0","20":"4","21":"7","22":"7","23":"9","24":" ","25":"d","26":"2","27":"e","28":"1","29":"a","3":" ","30":"7","31":"2","32":"f","33":"c","34":"c","35":"a","36":"5","37":"8","38":"-","39":"8","4":"2","40":"2","41":"b","42":"0","43":"4","44":"0","45":"d","46":"a","47":"3","48":"e","49":"a","5":".","50":"s","51":"m","52":"8","53":"3","54":"0","55":"8","56":"1","57":"2","58":"9","59":"b","6":"0","60":"3","61":"a","62":".","63":"4","64":"1","65":" ","66":"-","67":" ","68":"g","69":"s","7":".","70":"m","71":"t","72":"p","8":"0","9":" ","level":"info","message":"Email sent:","service":"e_commerce-api","timestamp":"2026-03-23T08:32:57.604Z"}
{"level":"info","message":"POST /api/auth/login 200 97 - 3791.370 ms","service":"e_commerce-api","timestamp":"2026-03-23T08:32:57.608Z"}
{"level":"info","message":"resend otp endpoint hit....","service":"e_commerce-api","timestamp":"2026-03-23T08:33:08.490Z"}
{"0":"b","1":"c","10":"8","11":"4","12":"8","13":"-","14":"4","15":"1","16":"4","17":"8","18":"-","19":"b","2":"a","20":"8","21":"4","22":"a","23":"-","24":"6","25":"e","26":"f","27":"c","28":"f","29":"b","3":"f","30":"3","31":"e","32":"d","33":"3","34":"6","35":"e","4":"4","5":"3","6":"8","7":"1","8":"-","9":"e","level":"info","message":"resend otp for token: ","service":"e_commerce-api","timestamp":"2026-03-23T08:33:08.490Z"}
{"level":"info","message":"New OTP generated for kumarsurya45394@gmail.com, attempts reset to 5, TTL: 285 seconds","service":"e_commerce-api","timestamp":"2026-03-23T08:33:08.494Z"}
{"level":"info","message":"Email sent successfully to kumarsurya45394@gmail.com","messageId":"<7d0bc92f-414d-60f6-c19f-3a45f9f12099@gmail.com>","service":"e_commerce-api","timestamp":"2026-03-23T08:33:12.146Z"}
{"0":"2","1":"5","10":"O","11":"K","12":" ","13":" ","14":"1","15":"7","16":"7","17":"4","18":"2","19":"5","2":"0","20":"4","21":"7","22":"9","23":"4","24":" ","25":"d","26":"9","27":"4","28":"4","29":"3","3":" ","30":"c","31":"0","32":"1","33":"a","34":"7","35":"3","36":"3","37":"6","38":"-","39":"2","4":"2","40":"b","41":"0","42":"8","43":"3","44":"6","45":"5","46":"5","47":"b","48":"8","49":"1","5":".","50":"s","51":"m","52":"1","53":"3","54":"5","55":"9","56":"2","57":"1","58":"4","59":"2","6":"0","60":"5","61":"a","62":"d","63":".","64":"4","65":"1","66":" ","67":"-","68":" ","69":"g","7":".","70":"s","71":"m","72":"t","73":"p","8":"0","9":" ","level":"info","message":"Email sent:","service":"e_commerce-api","timestamp":"2026-03-23T08:33:12.147Z"}
{"level":"info","message":"New OTP resent successfully to kumarsurya45394@gmail.com","service":"e_commerce-api","timestamp":"2026-03-23T08:33:12.149Z"}
{"level":"info","message":"POST /api/auth/resend 200 101 - 3665.446 ms","service":"e_commerce-api","timestamp":"2026-03-23T08:33:12.153Z"}
{"level":"info","message":"verify otp endpoint hit.....","service":"e_commerce-api","timestamp":"2026-03-23T08:33:44.817Z"}
{"level":"info","message":"Generating tokens for user: kumarsurya45394@gmail.com","service":"e_commerce-api","timestamp":"2026-03-23T08:33:44.820Z"}
{"level":"info","message":"Tokens generated successfully for userId: 69bff5fc3b15523e70338269","service":"e_commerce-api","timestamp":"2026-03-23T08:33:45.064Z"}
{"level":"info","message":"otp verify sucessfully","service":"e_commerce-api","timestamp":"2026-03-23T08:33:45.070Z"}
{"level":"info","message":"POST /api/auth/verify 200 409 - 262.088 ms","service":"e_commerce-api","timestamp":"2026-03-23T08:33:45.076Z"}
{"level":"info","message":"authenticate endpoin hit","service":"e_commerce-api","timestamp":"2026-03-23T08:33:45.098Z"}
{"level":"info","message":"authenticated successfully","service":"e_commerce-api","timestamp":"2026-03-23T08:33:45.102Z"}
{"level":"info","message":"admin and user auth middleware endpoint hit","service":"e_commerce-api","timestamp":"2026-03-23T08:33:45.102Z"}
{"level":"info","message":"user authenticated","service":"e_commerce-api","timestamp":"2026-03-23T08:33:45.171Z"}
{"level":"info","message":"get- profile endpoint  hit","service":"e_commerce-api","timestamp":"2026-03-23T08:33:45.172Z"}
{"level":"info","message":"user data successfully find ","service":"e_commerce-api","timestamp":"2026-03-23T08:33:45.325Z"}
{"level":"info","message":"GET /api/users/profile 304 - - 231.812 ms","service":"e_commerce-api","timestamp":"2026-03-23T08:33:45.328Z"}
{"level":"info","message":"authenticate endpoin hit","service":"e_commerce-api","timestamp":"2026-03-23T08:33:59.889Z"}
{"level":"info","message":"authenticated successfully","service":"e_commerce-api","timestamp":"2026-03-23T08:33:59.894Z"}
{"level":"info","message":"buyer auth middleware endpoint hit","service":"e_commerce-api","timestamp":"2026-03-23T08:33:59.895Z"}
{"level":"info","message":"buyer authenticated","service":"e_commerce-api","timestamp":"2026-03-23T08:33:59.896Z"}
{"level":"info","message":"get cart endpoint hit","service":"e_commerce-api","timestamp":"2026-03-23T08:33:59.899Z"}
{"level":"info","message":"user cart empty","service":"e_commerce-api","timestamp":"2026-03-23T08:34:00.070Z"}
{"level":"info","message":"GET /api/users/carts 304 - - 187.303 ms","service":"e_commerce-api","timestamp":"2026-03-23T08:34:00.073Z"}
{"level":"info","message":"authenticate endpoin hit","service":"e_commerce-api","timestamp":"2026-03-23T08:34:00.860Z"}
{"level":"info","message":"authenticated successfully","service":"e_commerce-api","timestamp":"2026-03-23T08:34:00.863Z"}
{"level":"info","message":"buyer auth middleware endpoint hit","service":"e_commerce-api","timestamp":"2026-03-23T08:34:00.864Z"}
{"level":"info","message":"buyer authenticated","service":"e_commerce-api","timestamp":"2026-03-23T08:34:00.865Z"}
{"level":"info","message":"get wishlist endpoint hit","service":"e_commerce-api","timestamp":"2026-03-23T08:34:00.866Z"}
{"level":"info","message":"GET /api/users/wishlists 304 - - 136.113 ms","service":"e_commerce-api","timestamp":"2026-03-23T08:34:00.993Z"}
{"level":"info","message":"authenticate endpoin hit","service":"e_commerce-api","timestamp":"2026-03-23T08:34:02.111Z"}
{"level":"info","message":"authenticated successfully","service":"e_commerce-api","timestamp":"2026-03-23T08:34:02.115Z"}
{"level":"info","message":"seller auth middleware endpoint hit","service":"e_commerce-api","timestamp":"2026-03-23T08:34:02.116Z"}
{"level":"warn","message":"seller authorization failed","service":"e_commerce-api","timestamp":"2026-03-23T08:34:02.117Z"}
{"level":"info","message":"GET /api/product/seller/my-products 403 70 - 7.326 ms","service":"e_commerce-api","timestamp":"2026-03-23T08:34:02.119Z"}
{"level":"info","message":"authenticate endpoin hit","service":"e_commerce-api","timestamp":"2026-03-23T08:34:02.126Z"}
{"level":"info","message":"authenticated successfully","service":"e_commerce-api","timestamp":"2026-03-23T08:34:02.132Z"}
{"level":"info","message":"admin and seller auth middleware endpoint hit","service":"e_commerce-api","timestamp":"2026-03-23T08:34:02.133Z"}
{"level":"info","message":"authenticate endpoin hit","service":"e_commerce-api","timestamp":"2026-03-23T08:34:02.142Z"}
{"level":"info","message":"authenticated successfully","service":"e_commerce-api","timestamp":"2026-03-23T08:34:02.147Z"}
{"level":"info","message":"seller auth middleware endpoint hit","service":"e_commerce-api","timestamp":"2026-03-23T08:34:02.148Z"}
{"level":"warn","message":"seller authorization failed","service":"e_commerce-api","timestamp":"2026-03-23T08:34:02.149Z"}
{"level":"info","message":"GET /api/secure/pending 403 70 - 27.724 ms","service":"e_commerce-api","timestamp":"2026-03-23T08:34:02.151Z"}
{"level":"warn","message":"seller approval status pending,so you can't see your profile","service":"e_commerce-api","timestamp":"2026-03-23T08:34:02.325Z"}
{"level":"info","message":"GET /api/seller/profile 403 59 - 199.902 ms","service":"e_commerce-api","timestamp":"2026-03-23T08:34:02.327Z"}
{"level":"info","message":"authenticate endpoin hit","service":"e_commerce-api","timestamp":"2026-03-23T08:35:16.347Z"}
{"level":"info","message":"authenticated successfully","service":"e_commerce-api","timestamp":"2026-03-23T08:35:16.351Z"}
{"level":"info","message":"admin auth middleware endpoint hit","service":"e_commerce-api","timestamp":"2026-03-23T08:35:16.352Z"}
{"level":"info","message":"admin authenticated","service":"e_commerce-api","timestamp":"2026-03-23T08:35:16.353Z"}
{"level":"info","message":"verify seller endpoint hit","service":"e_commerce-api","timestamp":"2026-03-23T08:35:16.356Z"}
{"level":"info","message":"seller verified successfully","service":"e_commerce-api","timestamp":"2026-03-23T08:35:16.772Z"}
{"level":"info","message":"Email sent successfully to kumarsurya45394@gmail.com","messageId":"<97066ab4-f6ad-0155-2789-40d72e0d63df@gmail.com>","service":"e_commerce-api","timestamp":"2026-03-23T08:35:19.955Z"}
{"0":"2","1":"5","10":"O","11":"K","12":" ","13":" ","14":"1","15":"7","16":"7","17":"4","18":"2","19":"5","2":"0","20":"4","21":"9","22":"2","23":"2","24":" ","25":"4","26":"1","27":"b","28":"e","29":"0","3":" ","30":"3","31":"b","32":"0","33":"0","34":"d","35":"2","36":"f","37":"7","38":"-","39":"c","4":"2","40":"7","41":"4","42":"3","43":"a","44":"8","45":"1","46":"8","47":"6","48":"e","49":"f","5":".","50":"s","51":"m","52":"7","53":"0","54":"7","55":"7","56":"5","57":"0","58":"0","59":"a","6":"0","60":"1","61":"2","62":".","63":"1","64":"3","65":" ","66":"-","67":" ","68":"g","69":"s","7":".","70":"m","71":"t","72":"p","8":"0","9":" ","level":"info","message":"Email sent:","service":"e_commerce-api","timestamp":"2026-03-23T08:35:19.957Z"}
{"level":"info","message":"PATCH /api/admin/seller/verify/69c0f19f83f9c909d1be2c13 200 57 - 3615.479 ms","service":"e_commerce-api","timestamp":"2026-03-23T08:35:19.964Z"}
{"level":"info","message":"authenticate endpoin hit","service":"e_commerce-api","timestamp":"2026-03-23T08:35:20.013Z"}
{"level":"info","message":"authenticated successfully","service":"e_commerce-api","timestamp":"2026-03-23T08:35:20.017Z"}
{"level":"info","message":"admin auth middleware endpoint hit","service":"e_commerce-api","timestamp":"2026-03-23T08:35:20.018Z"}
{"level":"info","message":"admin authenticated","service":"e_commerce-api","timestamp":"2026-03-23T08:35:20.020Z"}
{"level":"info","message":"fetching all users endpoint hit","service":"e_commerce-api","timestamp":"2026-03-23T08:35:20.021Z"}
{"level":"info","message":"authenticate endpoin hit","service":"e_commerce-api","timestamp":"2026-03-23T08:35:20.032Z"}
{"level":"info","message":"authenticated successfully","service":"e_commerce-api","timestamp":"2026-03-23T08:35:20.040Z"}
{"level":"info","message":"admin auth middleware endpoint hit","service":"e_commerce-api","timestamp":"2026-03-23T08:35:20.041Z"}
{"level":"info","message":"admin authenticated","service":"e_commerce-api","timestamp":"2026-03-23T08:35:20.042Z"}
{"level":"info","message":"get all sellers endpoint hit","service":"e_commerce-api","timestamp":"2026-03-23T08:35:20.045Z"}
{"level":"info","message":"authenticate endpoin hit","service":"e_commerce-api","timestamp":"2026-03-23T08:35:20.055Z"}
{"level":"info","message":"authenticated successfully","service":"e_commerce-api","timestamp":"2026-03-23T08:35:20.059Z"}
{"level":"info","message":"admin auth middleware endpoint hit","service":"e_commerce-api","timestamp":"2026-03-23T08:35:20.065Z"}
{"level":"info","message":"admin authenticated","service":"e_commerce-api","timestamp":"2026-03-23T08:35:20.066Z"}
{"level":"info","message":"get pending sellers endpoint hit","service":"e_commerce-api","timestamp":"2026-03-23T08:35:20.067Z"}
{"level":"info","message":"authenticate endpoin hit","service":"e_commerce-api","timestamp":"2026-03-23T08:35:20.073Z"}
{"level":"info","message":"authenticated successfully","service":"e_commerce-api","timestamp":"2026-03-23T08:35:20.080Z"}
{"level":"info","message":"admin auth middleware endpoint hit","service":"e_commerce-api","timestamp":"2026-03-23T08:35:20.082Z"}
{"level":"info","message":"admin authenticated","service":"e_commerce-api","timestamp":"2026-03-23T08:35:20.083Z"}
{"level":"info","message":"get pending products endpoint hit","service":"e_commerce-api","timestamp":"2026-03-23T08:35:20.084Z"}
{"level":"info","message":"authenticate endpoin hit","service":"e_commerce-api","timestamp":"2026-03-23T08:35:20.090Z"}
{"level":"info","message":"authenticated successfully","service":"e_commerce-api","timestamp":"2026-03-23T08:35:20.096Z"}
{"level":"info","message":"admin auth middleware endpoint hit","service":"e_commerce-api","timestamp":"2026-03-23T08:35:20.097Z"}
{"level":"info","message":"admin authenticated","service":"e_commerce-api","timestamp":"2026-03-23T08:35:20.099Z"}
{"level":"info","message":"authenticate endpoin hit","service":"e_commerce-api","timestamp":"2026-03-23T08:35:20.100Z"}
{"level":"info","message":"authenticated successfully","service":"e_commerce-api","timestamp":"2026-03-23T08:35:20.103Z"}
{"level":"info","message":"admin auth middleware endpoint hit","service":"e_commerce-api","timestamp":"2026-03-23T08:35:20.104Z"}
{"level":"info","message":"admin authenticated","service":"e_commerce-api","timestamp":"2026-03-23T08:35:20.105Z"}
{"level":"info","message":"get all categories endpoint hit","service":"e_commerce-api","timestamp":"2026-03-23T08:35:20.106Z"}
{"level":"info","message":"GET /api/admin/users 200 694 - 106.587 ms","service":"e_commerce-api","timestamp":"2026-03-23T08:35:20.120Z"}
{"level":"info","message":"pending sellers retrieved successfully","service":"e_commerce-api","timestamp":"2026-03-23T08:35:20.151Z"}
{"level":"info","message":"GET /api/admin/sellers/pending 200 80 - 98.456 ms","service":"e_commerce-api","timestamp":"2026-03-23T08:35:20.154Z"}
{"level":"info","message":"GET /api/admin/sellers 200 546 - 203.477 ms","service":"e_commerce-api","timestamp":"2026-03-23T08:35:20.236Z"}
{"level":"info","message":"pending products retrieved successfully","service":"e_commerce-api","timestamp":"2026-03-23T08:35:20.971Z"}
{"level":"info","message":"GET /api/admin/products/pending 304 - - 899.390 ms","service":"e_commerce-api","timestamp":"2026-03-23T08:35:20.973Z"}
{"level":"warn","message":"category not found","service":"e_commerce-api","timestamp":"2026-03-23T08:35:20.975Z"}
{"level":"info","message":"GET /api/admin/categories/all 404 48 - 889.242 ms","service":"e_commerce-api","timestamp":"2026-03-23T08:35:20.980Z"}
{"level":"info","message":"authenticate endpoin hit","service":"e_commerce-api","timestamp":"2026-03-23T08:35:49.150Z"}
{"level":"info","message":"authenticated successfully","service":"e_commerce-api","timestamp":"2026-03-23T08:35:49.155Z"}
{"level":"info","message":"admin and user auth middleware endpoint hit","service":"e_commerce-api","timestamp":"2026-03-23T08:35:49.156Z"}
{"level":"info","message":"user authenticated","service":"e_commerce-api","timestamp":"2026-03-23T08:35:49.250Z"}
{"level":"info","message":"get- profile endpoint  hit","service":"e_commerce-api","timestamp":"2026-03-23T08:35:49.253Z"}
{"level":"info","message":"user data successfully find ","service":"e_commerce-api","timestamp":"2026-03-23T08:35:49.426Z"}
{"level":"info","message":"GET /api/users/profile 200 455 - 286.077 ms","service":"e_commerce-api","timestamp":"2026-03-23T08:35:49.434Z"}
{"level":"info","message":"authenticate endpoin hit","service":"e_commerce-api","timestamp":"2026-03-23T08:35:49.470Z"}
{"level":"info","message":"authenticated successfully","service":"e_commerce-api","timestamp":"2026-03-23T08:35:49.474Z"}
{"level":"info","message":"seller auth middleware endpoint hit","service":"e_commerce-api","timestamp":"2026-03-23T08:35:49.475Z"}
{"level":"warn","message":"seller authorization failed","service":"e_commerce-api","timestamp":"2026-03-23T08:35:49.483Z"}
{"level":"info","message":"GET /api/product/seller/my-products 403 70 - 17.708 ms","service":"e_commerce-api","timestamp":"2026-03-23T08:35:49.488Z"}
{"level":"info","message":"authenticate endpoin hit","service":"e_commerce-api","timestamp":"2026-03-23T08:35:49.502Z"}
{"level":"info","message":"authenticated successfully","service":"e_commerce-api","timestamp":"2026-03-23T08:35:49.508Z"}
{"level":"info","message":"admin and seller auth middleware endpoint hit","service":"e_commerce-api","timestamp":"2026-03-23T08:35:49.516Z"}
{"level":"info","message":"authenticate endpoin hit","service":"e_commerce-api","timestamp":"2026-03-23T08:35:49.526Z"}
{"level":"info","message":"authenticated successfully","service":"e_commerce-api","timestamp":"2026-03-23T08:35:49.534Z"}
{"level":"info","message":"seller auth middleware endpoint hit","service":"e_commerce-api","timestamp":"2026-03-23T08:35:49.535Z"}
{"level":"warn","message":"seller authorization failed","service":"e_commerce-api","timestamp":"2026-03-23T08:35:49.537Z"}
{"level":"info","message":"GET /api/secure/pending 403 70 - 43.855 ms","service":"e_commerce-api","timestamp":"2026-03-23T08:35:49.540Z"}
{"level":"warn","message":"admin and seller both authorization failed","service":"e_commerce-api","timestamp":"2026-03-23T08:35:49.710Z"}
{"level":"info","message":"GET /api/seller/profile 403 85 - 210.082 ms","service":"e_commerce-api","timestamp":"2026-03-23T08:35:49.713Z"}
{"level":"info","message":"get all products endpoint hit","service":"e_commerce-api","timestamp":"2026-03-23T08:36:56.855Z"}
{"level":"info","message":"GET /api/product/all 304 - - 70.773 ms","service":"e_commerce-api","timestamp":"2026-03-23T08:36:56.926Z"}
{"level":"info","message":"authenticate endpoin hit","service":"e_commerce-api","timestamp":"2026-03-23T08:37:05.917Z"}
{"level":"info","message":"authenticated successfully","service":"e_commerce-api","timestamp":"2026-03-23T08:37:05.921Z"}
{"level":"info","message":"seller auth middleware endpoint hit","service":"e_commerce-api","timestamp":"2026-03-23T08:37:05.921Z"}
{"level":"warn","message":"seller authorization failed","service":"e_commerce-api","timestamp":"2026-03-23T08:37:05.922Z"}
{"level":"info","message":"GET /api/product/seller/my-products 403 70 - 7.373 ms","service":"e_commerce-api","timestamp":"2026-03-23T08:37:05.925Z"}
{"level":"info","message":"authenticate endpoin hit","service":"e_commerce-api","timestamp":"2026-03-23T08:37:05.930Z"}
{"level":"info","message":"authenticated successfully","service":"e_commerce-api","timestamp":"2026-03-23T08:37:05.933Z"}
{"level":"info","message":"admin and seller auth middleware endpoint hit","service":"e_commerce-api","timestamp":"2026-03-23T08:37:05.934Z"}
{"level":"info","message":"authenticate endpoin hit","service":"e_commerce-api","timestamp":"2026-03-23T08:37:05.939Z"}
{"level":"info","message":"authenticated successfully","service":"e_commerce-api","timestamp":"2026-03-23T08:37:05.941Z"}
{"level":"info","message":"seller auth middleware endpoint hit","service":"e_commerce-api","timestamp":"2026-03-23T08:37:05.942Z"}
{"level":"warn","message":"seller authorization failed","service":"e_commerce-api","timestamp":"2026-03-23T08:37:05.942Z"}
{"level":"info","message":"GET /api/secure/pending 403 70 - 16.601 ms","service":"e_commerce-api","timestamp":"2026-03-23T08:37:05.944Z"}
{"level":"warn","message":"admin and seller both authorization failed","service":"e_commerce-api","timestamp":"2026-03-23T08:37:06.142Z"}
{"level":"info","message":"GET /api/seller/profile 403 85 - 213.627 ms","service":"e_commerce-api","timestamp":"2026-03-23T08:37:06.144Z"}
{"level":"info","message":"authenticate endpoin hit","service":"e_commerce-api","timestamp":"2026-03-23T08:37:41.580Z"}
{"level":"info","message":"authenticated successfully","service":"e_commerce-api","timestamp":"2026-03-23T08:37:41.589Z"}
{"level":"info","message":"seller auth middleware endpoint hit","service":"e_commerce-api","timestamp":"2026-03-23T08:37:41.590Z"}
{"level":"warn","message":"seller authorization failed","service":"e_commerce-api","timestamp":"2026-03-23T08:37:41.591Z"}
{"level":"info","message":"GET /api/product/seller/my-products 403 70 - 16.694 ms","service":"e_commerce-api","timestamp":"2026-03-23T08:37:41.601Z"}
{"level":"info","message":"authenticate endpoin hit","service":"e_commerce-api","timestamp":"2026-03-23T08:37:41.605Z"}
{"level":"info","message":"authenticated successfully","service":"e_commerce-api","timestamp":"2026-03-23T08:37:41.608Z"}
{"level":"info","message":"admin and seller auth middleware endpoint hit","service":"e_commerce-api","timestamp":"2026-03-23T08:37:41.609Z"}
{"level":"info","message":"authenticate endpoin hit","service":"e_commerce-api","timestamp":"2026-03-23T08:37:41.618Z"}
{"level":"info","message":"authenticated successfully","service":"e_commerce-api","timestamp":"2026-03-23T08:37:41.621Z"}
{"level":"info","message":"seller auth middleware endpoint hit","service":"e_commerce-api","timestamp":"2026-03-23T08:37:41.622Z"}
{"level":"warn","message":"seller authorization failed","service":"e_commerce-api","timestamp":"2026-03-23T08:37:41.622Z"}
{"level":"info","message":"GET /api/secure/pending 403 70 - 9.732 ms","service":"e_commerce-api","timestamp":"2026-03-23T08:37:41.624Z"}
{"level":"warn","message":"admin and seller both authorization failed","service":"e_commerce-api","timestamp":"2026-03-23T08:37:41.743Z"}
{"level":"info","message":"GET /api/seller/profile 403 85 - 141.101 ms","service":"e_commerce-api","timestamp":"2026-03-23T08:37:41.746Z"}
{"level":"info","message":"authenticate endpoin hit","service":"e_commerce-api","timestamp":"2026-03-23T08:59:26.094Z"}
{"level":"warn","message":"authentication failed, token expired","service":"e_commerce-api","timestamp":"2026-03-23T08:59:26.099Z"}
{"level":"info","message":"GET /api/users/profile 401 65 - 35.992 ms","service":"e_commerce-api","timestamp":"2026-03-23T08:59:26.107Z"}
{"level":"info","message":"authenticate endpoin hit","service":"e_commerce-api","timestamp":"2026-03-23T08:59:26.226Z"}
{"level":"warn","message":"authentication failed, token expired","service":"e_commerce-api","timestamp":"2026-03-23T08:59:26.230Z"}
{"level":"info","message":"GET /api/users/profile 401 65 - 16.445 ms","service":"e_commerce-api","timestamp":"2026-03-23T08:59:26.241Z"}
{"level":"info","message":"refresgh token endpoint hit...","service":"e_commerce-api","timestamp":"2026-03-23T08:59:26.338Z"}
{"level":"info","message":"refresgh token endpoint hit...","service":"e_commerce-api","timestamp":"2026-03-23T08:59:26.463Z"}
{"level":"info","message":"Generating tokens for user: kumarsurya45394@gmail.com","service":"e_commerce-api","timestamp":"2026-03-23T08:59:26.628Z"}
{"level":"info","message":"Generating tokens for user: mrrajprasad5@gmail.com","service":"e_commerce-api","timestamp":"2026-03-23T08:59:26.696Z"}
{"level":"info","message":"Tokens generated successfully for userId: 69bff5fc3b15523e70338269","service":"e_commerce-api","timestamp":"2026-03-23T08:59:26.940Z"}
{"level":"info","message":"token refreshed sucessfully","service":"e_commerce-api","timestamp":"2026-03-23T08:59:27.035Z"}
{"level":"info","message":"POST /api/auth/refresh 200 361 - 583.355 ms","service":"e_commerce-api","timestamp":"2026-03-23T08:59:27.039Z"}
{"level":"info","message":"Tokens generated successfully for userId: 69bf99f202be5d354b026f6e","service":"e_commerce-api","timestamp":"2026-03-23T08:59:27.043Z"}
{"level":"info","message":"authenticate endpoin hit","service":"e_commerce-api","timestamp":"2026-03-23T08:59:27.087Z"}
{"level":"info","message":"authenticated successfully","service":"e_commerce-api","timestamp":"2026-03-23T08:59:27.090Z"}
{"level":"info","message":"admin and user auth middleware endpoint hit","service":"e_commerce-api","timestamp":"2026-03-23T08:59:27.090Z"}
{"level":"info","message":"token refreshed sucessfully","service":"e_commerce-api","timestamp":"2026-03-23T08:59:27.138Z"}
{"level":"info","message":"POST /api/auth/refresh 200 356 - 806.186 ms","service":"e_commerce-api","timestamp":"2026-03-23T08:59:27.140Z"}
{"level":"info","message":"user authenticated","service":"e_commerce-api","timestamp":"2026-03-23T08:59:27.150Z"}
{"level":"info","message":"get- profile endpoint  hit","service":"e_commerce-api","timestamp":"2026-03-23T08:59:27.153Z"}
{"level":"info","message":"authenticate endpoin hit","service":"e_commerce-api","timestamp":"2026-03-23T08:59:27.169Z"}
{"level":"info","message":"authenticated successfully","service":"e_commerce-api","timestamp":"2026-03-23T08:59:27.172Z"}
{"level":"info","message":"admin and user auth middleware endpoint hit","service":"e_commerce-api","timestamp":"2026-03-23T08:59:27.173Z"}
{"level":"info","message":"admin authenticated","service":"e_commerce-api","timestamp":"2026-03-23T08:59:27.173Z"}
{"level":"info","message":"get- profile endpoint  hit","service":"e_commerce-api","timestamp":"2026-03-23T08:59:27.174Z"}
{"level":"info","message":"user data successfully find ","service":"e_commerce-api","timestamp":"2026-03-23T08:59:27.241Z"}
{"level":"info","message":"GET /api/users/profile 304 - - 159.308 ms","service":"e_commerce-api","timestamp":"2026-03-23T08:59:27.244Z"}
{"level":"info","message":"user data successfully find ","service":"e_commerce-api","timestamp":"2026-03-23T08:59:27.377Z"}
{"level":"info","message":"GET /api/users/profile 304 - - 214.779 ms","service":"e_commerce-api","timestamp":"2026-03-23T08:59:27.380Z"}
{"level":"info","message":"authenticate endpoin hit","service":"e_commerce-api","timestamp":"2026-03-23T08:59:27.420Z"}
{"level":"info","message":"authenticated successfully","service":"e_commerce-api","timestamp":"2026-03-23T08:59:27.424Z"}
{"level":"info","message":"admin auth middleware endpoint hit","service":"e_commerce-api","timestamp":"2026-03-23T08:59:27.430Z"}
{"level":"info","message":"admin authenticated","service":"e_commerce-api","timestamp":"2026-03-23T08:59:27.432Z"}
{"level":"info","message":"fetching all users endpoint hit","service":"e_commerce-api","timestamp":"2026-03-23T08:59:27.433Z"}
{"level":"info","message":"authenticate endpoin hit","service":"e_commerce-api","timestamp":"2026-03-23T08:59:27.442Z"}
{"level":"info","message":"authenticated successfully","service":"e_commerce-api","timestamp":"2026-03-23T08:59:27.446Z"}
{"level":"info","message":"admin auth middleware endpoint hit","service":"e_commerce-api","timestamp":"2026-03-23T08:59:27.447Z"}
{"level":"info","message":"admin authenticated","service":"e_commerce-api","timestamp":"2026-03-23T08:59:27.447Z"}
{"level":"info","message":"get all sellers endpoint hit","service":"e_commerce-api","timestamp":"2026-03-23T08:59:27.448Z"}
{"level":"info","message":"authenticate endpoin hit","service":"e_commerce-api","timestamp":"2026-03-23T08:59:27.454Z"}
{"level":"info","message":"authenticated successfully","service":"e_commerce-api","timestamp":"2026-03-23T08:59:27.458Z"}
{"level":"info","message":"admin auth middleware endpoint hit","service":"e_commerce-api","timestamp":"2026-03-23T08:59:27.460Z"}
{"level":"info","message":"admin authenticated","service":"e_commerce-api","timestamp":"2026-03-23T08:59:27.461Z"}
{"level":"info","message":"get pending products endpoint hit","service":"e_commerce-api","timestamp":"2026-03-23T08:59:27.462Z"}
{"level":"info","message":"authenticate endpoin hit","service":"e_commerce-api","timestamp":"2026-03-23T08:59:27.466Z"}
{"level":"info","message":"authenticated successfully","service":"e_commerce-api","timestamp":"2026-03-23T08:59:27.470Z"}
{"level":"info","message":"admin auth middleware endpoint hit","service":"e_commerce-api","timestamp":"2026-03-23T08:59:27.471Z"}
{"level":"info","message":"admin authenticated","service":"e_commerce-api","timestamp":"2026-03-23T08:59:27.472Z"}
{"level":"info","message":"get pending sellers endpoint hit","service":"e_commerce-api","timestamp":"2026-03-23T08:59:27.473Z"}
{"level":"info","message":"authenticate endpoin hit","service":"e_commerce-api","timestamp":"2026-03-23T08:59:27.477Z"}
{"level":"info","message":"authenticated successfully","service":"e_commerce-api","timestamp":"2026-03-23T08:59:27.480Z"}
{"level":"info","message":"admin auth middleware endpoint hit","service":"e_commerce-api","timestamp":"2026-03-23T08:59:27.481Z"}
{"level":"info","message":"admin authenticated","service":"e_commerce-api","timestamp":"2026-03-23T08:59:27.482Z"}
{"level":"info","message":"authenticate endpoin hit","service":"e_commerce-api","timestamp":"2026-03-23T08:59:27.482Z"}
{"level":"info","message":"authenticated successfully","service":"e_commerce-api","timestamp":"2026-03-23T08:59:27.486Z"}
{"level":"info","message":"admin auth middleware endpoint hit","service":"e_commerce-api","timestamp":"2026-03-23T08:59:27.487Z"}
{"level":"info","message":"admin authenticated","service":"e_commerce-api","timestamp":"2026-03-23T08:59:27.489Z"}
{"level":"info","message":"get all categories endpoint hit","service":"e_commerce-api","timestamp":"2026-03-23T08:59:27.489Z"}
{"level":"info","message":"GET /api/admin/users 304 - - 90.848 ms","service":"e_commerce-api","timestamp":"2026-03-23T08:59:27.512Z"}
{"level":"info","message":"pending sellers retrieved successfully","service":"e_commerce-api","timestamp":"2026-03-23T08:59:27.553Z"}
{"level":"info","message":"GET /api/admin/sellers/pending 304 - - 116.342 ms","service":"e_commerce-api","timestamp":"2026-03-23T08:59:27.586Z"}
{"level":"info","message":"pending products retrieved successfully","service":"e_commerce-api","timestamp":"2026-03-23T08:59:27.731Z"}
{"level":"info","message":"GET /api/admin/products/pending 304 - - 278.494 ms","service":"e_commerce-api","timestamp":"2026-03-23T08:59:27.733Z"}
{"level":"warn","message":"category not found","service":"e_commerce-api","timestamp":"2026-03-23T08:59:27.737Z"}
{"level":"info","message":"GET /api/admin/categories/all 404 48 - 261.293 ms","service":"e_commerce-api","timestamp":"2026-03-23T08:59:27.740Z"}
{"level":"info","message":"GET /api/admin/sellers 304 - - 394.829 ms","service":"e_commerce-api","timestamp":"2026-03-23T08:59:27.838Z"}
{"level":"info","message":"authenticate endpoin hit","service":"e_commerce-api","timestamp":"2026-03-23T09:03:50.866Z"}
{"level":"info","message":"authenticated successfully","service":"e_commerce-api","timestamp":"2026-03-23T09:03:50.869Z"}
{"level":"info","message":"admin and user auth middleware endpoint hit","service":"e_commerce-api","timestamp":"2026-03-23T09:03:50.869Z"}
{"level":"info","message":"authenticate endpoin hit","service":"e_commerce-api","timestamp":"2026-03-23T09:03:50.872Z"}
{"level":"info","message":"authenticated successfully","service":"e_commerce-api","timestamp":"2026-03-23T09:03:50.875Z"}
{"level":"info","message":"admin and user auth middleware endpoint hit","service":"e_commerce-api","timestamp":"2026-03-23T09:03:50.875Z"}
{"level":"info","message":"admin authenticated","service":"e_commerce-api","timestamp":"2026-03-23T09:03:50.876Z"}
{"level":"info","message":"get- profile endpoint  hit","service":"e_commerce-api","timestamp":"2026-03-23T09:03:50.876Z"}
{"level":"info","message":"user authenticated","service":"e_commerce-api","timestamp":"2026-03-23T09:03:50.994Z"}
{"level":"info","message":"get- profile endpoint  hit","service":"e_commerce-api","timestamp":"2026-03-23T09:03:50.995Z"}
{"level":"info","message":"user data successfully find ","service":"e_commerce-api","timestamp":"2026-03-23T09:03:51.141Z"}
{"level":"info","message":"GET /api/users/profile 304 - - 285.645 ms","service":"e_commerce-api","timestamp":"2026-03-23T09:03:51.148Z"}
{"level":"info","message":"user data successfully find ","service":"e_commerce-api","timestamp":"2026-03-23T09:03:51.152Z"}
{"level":"info","message":"GET /api/users/profile 304 - - 293.370 ms","service":"e_commerce-api","timestamp":"2026-03-23T09:03:51.158Z"}
{"level":"info","message":"authenticate endpoin hit","service":"e_commerce-api","timestamp":"2026-03-23T09:03:51.201Z"}
{"level":"info","message":"authenticated successfully","service":"e_commerce-api","timestamp":"2026-03-23T09:03:51.207Z"}
{"level":"info","message":"admin auth middleware endpoint hit","service":"e_commerce-api","timestamp":"2026-03-23T09:03:51.208Z"}
{"level":"info","message":"admin authenticated","service":"e_commerce-api","timestamp":"2026-03-23T09:03:51.214Z"}
{"level":"info","message":"fetching all users endpoint hit","service":"e_commerce-api","timestamp":"2026-03-23T09:03:51.214Z"}
{"level":"info","message":"authenticate endpoin hit","service":"e_commerce-api","timestamp":"2026-03-23T09:03:51.225Z"}
{"level":"info","message":"authenticated successfully","service":"e_commerce-api","timestamp":"2026-03-23T09:03:51.231Z"}
{"level":"info","message":"admin auth middleware endpoint hit","service":"e_commerce-api","timestamp":"2026-03-23T09:03:51.233Z"}
{"level":"info","message":"admin authenticated","service":"e_commerce-api","timestamp":"2026-03-23T09:03:51.236Z"}
{"level":"info","message":"get all sellers endpoint hit","service":"e_commerce-api","timestamp":"2026-03-23T09:03:51.237Z"}
{"level":"info","message":"authenticate endpoin hit","service":"e_commerce-api","timestamp":"2026-03-23T09:03:51.243Z"}
{"level":"info","message":"authenticated successfully","service":"e_commerce-api","timestamp":"2026-03-23T09:03:51.247Z"}
{"level":"info","message":"admin auth middleware endpoint hit","service":"e_commerce-api","timestamp":"2026-03-23T09:03:51.248Z"}
{"level":"info","message":"admin authenticated","service":"e_commerce-api","timestamp":"2026-03-23T09:03:51.249Z"}
{"level":"info","message":"get pending sellers endpoint hit","service":"e_commerce-api","timestamp":"2026-03-23T09:03:51.250Z"}
{"level":"info","message":"authenticate endpoin hit","service":"e_commerce-api","timestamp":"2026-03-23T09:03:51.254Z"}
{"level":"info","message":"authenticated successfully","service":"e_commerce-api","timestamp":"2026-03-23T09:03:51.258Z"}
{"level":"info","message":"admin auth middleware endpoint hit","service":"e_commerce-api","timestamp":"2026-03-23T09:03:51.258Z"}
{"level":"info","message":"admin authenticated","service":"e_commerce-api","timestamp":"2026-03-23T09:03:51.259Z"}
{"level":"info","message":"get pending products endpoint hit","service":"e_commerce-api","timestamp":"2026-03-23T09:03:51.260Z"}
{"level":"info","message":"authenticate endpoin hit","service":"e_commerce-api","timestamp":"2026-03-23T09:03:51.264Z"}
{"level":"info","message":"authenticated successfully","service":"e_commerce-api","timestamp":"2026-03-23T09:03:51.269Z"}
{"level":"info","message":"admin auth middleware endpoint hit","service":"e_commerce-api","timestamp":"2026-03-23T09:03:51.270Z"}
{"level":"info","message":"admin authenticated","service":"e_commerce-api","timestamp":"2026-03-23T09:03:51.270Z"}
{"level":"info","message":"authenticate endpoin hit","service":"e_commerce-api","timestamp":"2026-03-23T09:03:51.271Z"}
{"level":"info","message":"authenticated successfully","service":"e_commerce-api","timestamp":"2026-03-23T09:03:51.274Z"}
{"level":"info","message":"admin auth middleware endpoint hit","service":"e_commerce-api","timestamp":"2026-03-23T09:03:51.274Z"}
{"level":"info","message":"admin authenticated","service":"e_commerce-api","timestamp":"2026-03-23T09:03:51.275Z"}
{"level":"info","message":"get all categories endpoint hit","service":"e_commerce-api","timestamp":"2026-03-23T09:03:51.276Z"}
{"level":"info","message":"GET /api/admin/users 304 - - 90.014 ms","service":"e_commerce-api","timestamp":"2026-03-23T09:03:51.291Z"}
{"level":"info","message":"pending products retrieved successfully","service":"e_commerce-api","timestamp":"2026-03-23T09:03:51.315Z"}
{"level":"info","message":"GET /api/admin/products/pending 304 - - 61.651 ms","service":"e_commerce-api","timestamp":"2026-03-23T09:03:51.317Z"}
{"level":"info","message":"pending sellers retrieved successfully","service":"e_commerce-api","timestamp":"2026-03-23T09:03:51.323Z"}
{"level":"info","message":"GET /api/admin/sellers/pending 304 - - 81.560 ms","service":"e_commerce-api","timestamp":"2026-03-23T09:03:51.325Z"}
{"level":"warn","message":"category not found","service":"e_commerce-api","timestamp":"2026-03-23T09:03:51.349Z"}
{"level":"info","message":"GET /api/admin/categories/all 404 48 - 85.953 ms","service":"e_commerce-api","timestamp":"2026-03-23T09:03:51.351Z"}
{"level":"info","message":"GET /api/admin/sellers 304 - - 160.234 ms","service":"e_commerce-api","timestamp":"2026-03-23T09:03:51.386Z"}
{"level":"info","message":"authenticate endpoin hit","service":"e_commerce-api","timestamp":"2026-03-23T09:04:01.863Z"}
{"level":"info","message":"authenticated successfully","service":"e_commerce-api","timestamp":"2026-03-23T09:04:01.868Z"}
{"level":"info","message":"admin and user auth middleware endpoint hit","service":"e_commerce-api","timestamp":"2026-03-23T09:04:01.869Z"}
{"level":"info","message":"authenticate endpoin hit","service":"e_commerce-api","timestamp":"2026-03-23T09:04:01.914Z"}
{"level":"info","message":"authenticated successfully","service":"e_commerce-api","timestamp":"2026-03-23T09:04:01.918Z"}
{"level":"info","message":"admin auth middleware endpoint hit","service":"e_commerce-api","timestamp":"2026-03-23T09:04:01.919Z"}
{"level":"info","message":"admin authenticated","service":"e_commerce-api","timestamp":"2026-03-23T09:04:01.920Z"}
{"level":"info","message":"fetching all users endpoint hit","service":"e_commerce-api","timestamp":"2026-03-23T09:04:01.921Z"}
{"level":"info","message":"authenticate endpoin hit","service":"e_commerce-api","timestamp":"2026-03-23T09:04:01.929Z"}
{"level":"info","message":"authenticated successfully","service":"e_commerce-api","timestamp":"2026-03-23T09:04:01.932Z"}
{"level":"info","message":"admin auth middleware endpoint hit","service":"e_commerce-api","timestamp":"2026-03-23T09:04:01.933Z"}
{"level":"info","message":"admin authenticated","service":"e_commerce-api","timestamp":"2026-03-23T09:04:01.934Z"}
{"level":"info","message":"get all sellers endpoint hit","service":"e_commerce-api","timestamp":"2026-03-23T09:04:01.935Z"}
{"level":"info","message":"authenticate endpoin hit","service":"e_commerce-api","timestamp":"2026-03-23T09:04:01.942Z"}
{"level":"info","message":"authenticated successfully","service":"e_commerce-api","timestamp":"2026-03-23T09:04:01.945Z"}
{"level":"info","message":"admin auth middleware endpoint hit","service":"e_commerce-api","timestamp":"2026-03-23T09:04:01.946Z"}
{"level":"info","message":"admin authenticated","service":"e_commerce-api","timestamp":"2026-03-23T09:04:01.947Z"}
{"level":"info","message":"get pending sellers endpoint hit","service":"e_commerce-api","timestamp":"2026-03-23T09:04:01.948Z"}
{"level":"info","message":"authenticate endpoin hit","service":"e_commerce-api","timestamp":"2026-03-23T09:04:01.952Z"}
{"level":"info","message":"authenticated successfully","service":"e_commerce-api","timestamp":"2026-03-23T09:04:01.956Z"}
{"level":"info","message":"admin auth middleware endpoint hit","service":"e_commerce-api","timestamp":"2026-03-23T09:04:01.957Z"}
{"level":"info","message":"admin authenticated","service":"e_commerce-api","timestamp":"2026-03-23T09:04:01.958Z"}
{"level":"info","message":"get pending products endpoint hit","service":"e_commerce-api","timestamp":"2026-03-23T09:04:01.958Z"}
{"level":"info","message":"authenticate endpoin hit","service":"e_commerce-api","timestamp":"2026-03-23T09:04:01.962Z"}
{"level":"info","message":"authenticated successfully","service":"e_commerce-api","timestamp":"2026-03-23T09:04:01.966Z"}
{"level":"info","message":"admin auth middleware endpoint hit","service":"e_commerce-api","timestamp":"2026-03-23T09:04:01.966Z"}
{"level":"info","message":"admin authenticated","service":"e_commerce-api","timestamp":"2026-03-23T09:04:01.967Z"}
{"level":"info","message":"authenticate endpoin hit","service":"e_commerce-api","timestamp":"2026-03-23T09:04:01.968Z"}
{"level":"info","message":"authenticated successfully","service":"e_commerce-api","timestamp":"2026-03-23T09:04:01.971Z"}
{"level":"info","message":"admin auth middleware endpoint hit","service":"e_commerce-api","timestamp":"2026-03-23T09:04:01.972Z"}
{"level":"info","message":"admin authenticated","service":"e_commerce-api","timestamp":"2026-03-23T09:04:01.973Z"}
{"level":"info","message":"get all categories endpoint hit","service":"e_commerce-api","timestamp":"2026-03-23T09:04:01.975Z"}
{"level":"info","message":"user authenticated","service":"e_commerce-api","timestamp":"2026-03-23T09:04:01.986Z"}
{"level":"info","message":"get- profile endpoint  hit","service":"e_commerce-api","timestamp":"2026-03-23T09:04:01.988Z"}
{"level":"info","message":"GET /api/admin/users 304 - - 80.234 ms","service":"e_commerce-api","timestamp":"2026-03-23T09:04:01.995Z"}
{"level":"info","message":"authenticate endpoin hit","service":"e_commerce-api","timestamp":"2026-03-23T09:04:02.001Z"}
{"level":"info","message":"authenticated successfully","service":"e_commerce-api","timestamp":"2026-03-23T09:04:02.004Z"}
{"level":"info","message":"admin and user auth middleware endpoint hit","service":"e_commerce-api","timestamp":"2026-03-23T09:04:02.004Z"}
{"level":"info","message":"admin authenticated","service":"e_commerce-api","timestamp":"2026-03-23T09:04:02.005Z"}
{"level":"info","message":"get- profile endpoint  hit","service":"e_commerce-api","timestamp":"2026-03-23T09:04:02.006Z"}
{"level":"info","message":"pending sellers retrieved successfully","service":"e_commerce-api","timestamp":"2026-03-23T09:04:02.009Z"}
{"level":"info","message":"GET /api/admin/sellers/pending 304 - - 68.602 ms","service":"e_commerce-api","timestamp":"2026-03-23T09:04:02.011Z"}
{"level":"info","message":"pending products retrieved successfully","service":"e_commerce-api","timestamp":"2026-03-23T09:04:02.020Z"}
{"level":"info","message":"GET /api/admin/products/pending 304 - - 69.607 ms","service":"e_commerce-api","timestamp":"2026-03-23T09:04:02.023Z"}
{"level":"info","message":"user data successfully find ","service":"e_commerce-api","timestamp":"2026-03-23T09:04:02.053Z"}
{"level":"info","message":"GET /api/users/profile 304 - - 194.722 ms","service":"e_commerce-api","timestamp":"2026-03-23T09:04:02.055Z"}
{"level":"info","message":"GET /api/admin/sellers 304 - - 157.504 ms","service":"e_commerce-api","timestamp":"2026-03-23T09:04:02.086Z"}
{"level":"info","message":"user data successfully find ","service":"e_commerce-api","timestamp":"2026-03-23T09:04:02.126Z"}
{"level":"info","message":"GET /api/users/profile 304 - - 145.128 ms","service":"e_commerce-api","timestamp":"2026-03-23T09:04:02.128Z"}
{"level":"warn","message":"category not found","service":"e_commerce-api","timestamp":"2026-03-23T09:04:02.710Z"}
{"level":"info","message":"GET /api/admin/categories/all 404 48 - 749.404 ms","service":"e_commerce-api","timestamp":"2026-03-23T09:04:02.713Z"}
{"level":"info","message":"authenticate endpoin hit","service":"e_commerce-api","timestamp":"2026-03-23T09:04:19.881Z"}
{"level":"info","message":"authenticated successfully","service":"e_commerce-api","timestamp":"2026-03-23T09:04:19.885Z"}
{"level":"info","message":"admin and user auth middleware endpoint hit","service":"e_commerce-api","timestamp":"2026-03-23T09:04:19.885Z"}
{"level":"info","message":"authenticate endpoin hit","service":"e_commerce-api","timestamp":"2026-03-23T09:04:19.916Z"}
{"level":"info","message":"authenticated successfully","service":"e_commerce-api","timestamp":"2026-03-23T09:04:19.923Z"}
{"level":"info","message":"admin auth middleware endpoint hit","service":"e_commerce-api","timestamp":"2026-03-23T09:04:19.924Z"}
{"level":"info","message":"admin authenticated","service":"e_commerce-api","timestamp":"2026-03-23T09:04:19.928Z"}
{"level":"info","message":"fetching all users endpoint hit","service":"e_commerce-api","timestamp":"2026-03-23T09:04:19.933Z"}
{"level":"info","message":"authenticate endpoin hit","service":"e_commerce-api","timestamp":"2026-03-23T09:04:19.941Z"}
{"level":"info","message":"authenticated successfully","service":"e_commerce-api","timestamp":"2026-03-23T09:04:19.944Z"}
{"level":"info","message":"admin auth middleware endpoint hit","service":"e_commerce-api","timestamp":"2026-03-23T09:04:19.945Z"}
{"level":"info","message":"admin authenticated","service":"e_commerce-api","timestamp":"2026-03-23T09:04:19.947Z"}
{"level":"info","message":"get all sellers endpoint hit","service":"e_commerce-api","timestamp":"2026-03-23T09:04:19.948Z"}
{"level":"info","message":"authenticate endpoin hit","service":"e_commerce-api","timestamp":"2026-03-23T09:04:19.966Z"}
{"level":"info","message":"authenticated successfully","service":"e_commerce-api","timestamp":"2026-03-23T09:04:19.969Z"}
{"level":"info","message":"admin auth middleware endpoint hit","service":"e_commerce-api","timestamp":"2026-03-23T09:04:19.971Z"}
{"level":"info","message":"admin authenticated","service":"e_commerce-api","timestamp":"2026-03-23T09:04:19.972Z"}
{"level":"info","message":"get pending products endpoint hit","service":"e_commerce-api","timestamp":"2026-03-23T09:04:19.973Z"}
{"level":"info","message":"authenticate endpoin hit","service":"e_commerce-api","timestamp":"2026-03-23T09:04:19.977Z"}
{"level":"info","message":"authenticated successfully","service":"e_commerce-api","timestamp":"2026-03-23T09:04:19.983Z"}
{"level":"info","message":"admin auth middleware endpoint hit","service":"e_commerce-api","timestamp":"2026-03-23T09:04:19.984Z"}
{"level":"info","message":"admin authenticated","service":"e_commerce-api","timestamp":"2026-03-23T09:04:19.985Z"}
{"level":"info","message":"get pending sellers endpoint hit","service":"e_commerce-api","timestamp":"2026-03-23T09:04:19.987Z"}
{"level":"info","message":"user authenticated","service":"e_commerce-api","timestamp":"2026-03-23T09:04:19.992Z"}
{"level":"info","message":"get- profile endpoint  hit","service":"e_commerce-api","timestamp":"2026-03-23T09:04:19.993Z"}
{"level":"info","message":"authenticate endpoin hit","service":"e_commerce-api","timestamp":"2026-03-23T09:04:20.000Z"}
{"level":"info","message":"authenticated successfully","service":"e_commerce-api","timestamp":"2026-03-23T09:04:20.003Z"}
{"level":"info","message":"admin auth middleware endpoint hit","service":"e_commerce-api","timestamp":"2026-03-23T09:04:20.004Z"}
{"level":"info","message":"admin authenticated","service":"e_commerce-api","timestamp":"2026-03-23T09:04:20.005Z"}
{"level":"info","message":"authenticate endpoin hit","service":"e_commerce-api","timestamp":"2026-03-23T09:04:20.006Z"}
{"level":"info","message":"authenticated successfully","service":"e_commerce-api","timestamp":"2026-03-23T09:04:20.010Z"}
{"level":"info","message":"admin auth middleware endpoint hit","service":"e_commerce-api","timestamp":"2026-03-23T09:04:20.010Z"}
{"level":"info","message":"admin authenticated","service":"e_commerce-api","timestamp":"2026-03-23T09:04:20.011Z"}
{"level":"info","message":"get all categories endpoint hit","service":"e_commerce-api","timestamp":"2026-03-23T09:04:20.017Z"}
{"level":"info","message":"GET /api/admin/users 304 - - 108.541 ms","service":"e_commerce-api","timestamp":"2026-03-23T09:04:20.025Z"}
{"level":"info","message":"authenticate endpoin hit","service":"e_commerce-api","timestamp":"2026-03-23T09:04:20.042Z"}
{"level":"info","message":"authenticated successfully","service":"e_commerce-api","timestamp":"2026-03-23T09:04:20.046Z"}
{"level":"info","message":"admin and user auth middleware endpoint hit","service":"e_commerce-api","timestamp":"2026-03-23T09:04:20.048Z"}
{"level":"info","message":"admin authenticated","service":"e_commerce-api","timestamp":"2026-03-23T09:04:20.049Z"}
{"level":"info","message":"get- profile endpoint  hit","service":"e_commerce-api","timestamp":"2026-03-23T09:04:20.050Z"}
{"level":"info","message":"pending products retrieved successfully","service":"e_commerce-api","timestamp":"2026-03-23T09:04:20.055Z"}
{"level":"info","message":"GET /api/admin/products/pending 304 - - 92.739 ms","service":"e_commerce-api","timestamp":"2026-03-23T09:04:20.059Z"}
{"level":"info","message":"pending sellers retrieved successfully","service":"e_commerce-api","timestamp":"2026-03-23T09:04:20.073Z"}
{"level":"info","message":"GET /api/admin/sellers/pending 304 - - 97.581 ms","service":"e_commerce-api","timestamp":"2026-03-23T09:04:20.075Z"}
{"level":"info","message":"user data successfully find ","service":"e_commerce-api","timestamp":"2026-03-23T09:04:20.080Z"}
{"level":"info","message":"GET /api/users/profile 304 - - 212.626 ms","service":"e_commerce-api","timestamp":"2026-03-23T09:04:20.089Z"}
{"level":"warn","message":"category not found","service":"e_commerce-api","timestamp":"2026-03-23T09:04:20.093Z"}
{"level":"info","message":"GET /api/admin/categories/all 404 48 - 94.992 ms","service":"e_commerce-api","timestamp":"2026-03-23T09:04:20.099Z"}
{"level":"info","message":"GET /api/admin/sellers 304 - - 170.149 ms","service":"e_commerce-api","timestamp":"2026-03-23T09:04:20.112Z"}
{"level":"info","message":"user data successfully find ","service":"e_commerce-api","timestamp":"2026-03-23T09:04:20.177Z"}
{"level":"info","message":"GET /api/users/profile 304 - - 181.674 ms","service":"e_commerce-api","timestamp":"2026-03-23T09:04:20.180Z"}
{"level":"info","message":"authenticate endpoin hit","service":"e_commerce-api","timestamp":"2026-03-23T09:05:28.885Z"}
{"level":"info","message":"authenticated successfully","service":"e_commerce-api","timestamp":"2026-03-23T09:05:28.893Z"}
{"level":"info","message":"admin auth middleware endpoint hit","service":"e_commerce-api","timestamp":"2026-03-23T09:05:28.894Z"}
{"level":"info","message":"admin authenticated","service":"e_commerce-api","timestamp":"2026-03-23T09:05:28.896Z"}
{"level":"info","message":"fetching all users endpoint hit","service":"e_commerce-api","timestamp":"2026-03-23T09:05:28.900Z"}
{"level":"info","message":"authenticate endpoin hit","service":"e_commerce-api","timestamp":"2026-03-23T09:05:28.907Z"}
{"level":"info","message":"authenticated successfully","service":"e_commerce-api","timestamp":"2026-03-23T09:05:28.911Z"}
{"level":"info","message":"admin auth middleware endpoint hit","service":"e_commerce-api","timestamp":"2026-03-23T09:05:28.912Z"}
{"level":"info","message":"admin authenticated","service":"e_commerce-api","timestamp":"2026-03-23T09:05:28.912Z"}
{"level":"info","message":"get all sellers endpoint hit","service":"e_commerce-api","timestamp":"2026-03-23T09:05:28.913Z"}
{"level":"info","message":"authenticate endpoin hit","service":"e_commerce-api","timestamp":"2026-03-23T09:05:28.927Z"}
{"level":"info","message":"authenticated successfully","service":"e_commerce-api","timestamp":"2026-03-23T09:05:28.930Z"}
{"level":"info","message":"admin auth middleware endpoint hit","service":"e_commerce-api","timestamp":"2026-03-23T09:05:28.930Z"}
{"level":"info","message":"admin authenticated","service":"e_commerce-api","timestamp":"2026-03-23T09:05:28.930Z"}
{"level":"info","message":"get pending sellers endpoint hit","service":"e_commerce-api","timestamp":"2026-03-23T09:05:28.935Z"}
{"level":"info","message":"authenticate endpoin hit","service":"e_commerce-api","timestamp":"2026-03-23T09:05:28.946Z"}
{"level":"info","message":"authenticated successfully","service":"e_commerce-api","timestamp":"2026-03-23T09:05:28.954Z"}
{"level":"info","message":"admin auth middleware endpoint hit","service":"e_commerce-api","timestamp":"2026-03-23T09:05:28.957Z"}
{"level":"info","message":"admin authenticated","service":"e_commerce-api","timestamp":"2026-03-23T09:05:28.958Z"}
{"level":"info","message":"get pending products endpoint hit","service":"e_commerce-api","timestamp":"2026-03-23T09:05:28.960Z"}
{"level":"info","message":"authenticate endpoin hit","service":"e_commerce-api","timestamp":"2026-03-23T09:05:28.965Z"}
{"level":"info","message":"authenticated successfully","service":"e_commerce-api","timestamp":"2026-03-23T09:05:28.972Z"}
{"level":"info","message":"admin auth middleware endpoint hit","service":"e_commerce-api","timestamp":"2026-03-23T09:05:28.974Z"}
{"level":"info","message":"admin authenticated","service":"e_commerce-api","timestamp":"2026-03-23T09:05:28.975Z"}
{"level":"info","message":"authenticate endpoin hit","service":"e_commerce-api","timestamp":"2026-03-23T09:05:28.977Z"}
{"level":"info","message":"authenticated successfully","service":"e_commerce-api","timestamp":"2026-03-23T09:05:28.981Z"}
{"level":"info","message":"admin auth middleware endpoint hit","service":"e_commerce-api","timestamp":"2026-03-23T09:05:28.985Z"}
{"level":"info","message":"admin authenticated","service":"e_commerce-api","timestamp":"2026-03-23T09:05:28.985Z"}
{"level":"info","message":"get all categories endpoint hit","service":"e_commerce-api","timestamp":"2026-03-23T09:05:28.986Z"}
{"level":"info","message":"GET /api/admin/users 304 - - 107.491 ms","service":"e_commerce-api","timestamp":"2026-03-23T09:05:28.992Z"}
{"level":"info","message":"pending sellers retrieved successfully","service":"e_commerce-api","timestamp":"2026-03-23T09:05:29.013Z"}
{"level":"info","message":"GET /api/admin/sellers/pending 304 - - 87.613 ms","service":"e_commerce-api","timestamp":"2026-03-23T09:05:29.015Z"}
{"level":"info","message":"pending products retrieved successfully","service":"e_commerce-api","timestamp":"2026-03-23T09:05:29.025Z"}
{"level":"info","message":"GET /api/admin/products/pending 304 - - 81.687 ms","service":"e_commerce-api","timestamp":"2026-03-23T09:05:29.034Z"}
{"level":"info","message":"GET /api/admin/sellers 304 - - 162.934 ms","service":"e_commerce-api","timestamp":"2026-03-23T09:05:29.071Z"}
{"level":"warn","message":"category not found","service":"e_commerce-api","timestamp":"2026-03-23T09:05:29.073Z"}
{"level":"info","message":"GET /api/admin/categories/all 404 48 - 112.695 ms","service":"e_commerce-api","timestamp":"2026-03-23T09:05:29.077Z"}
{"level":"info","message":"authenticate endpoin hit","service":"e_commerce-api","timestamp":"2026-03-23T09:07:05.862Z"}
{"level":"info","message":"authenticated successfully","service":"e_commerce-api","timestamp":"2026-03-23T09:07:05.870Z"}
{"level":"info","message":"admin and user auth middleware endpoint hit","service":"e_commerce-api","timestamp":"2026-03-23T09:07:05.875Z"}
{"level":"info","message":"admin authenticated","service":"e_commerce-api","timestamp":"2026-03-23T09:07:05.876Z"}
{"level":"info","message":"get- profile endpoint  hit","service":"e_commerce-api","timestamp":"2026-03-23T09:07:05.877Z"}
{"level":"info","message":"authenticate endpoin hit","service":"e_commerce-api","timestamp":"2026-03-23T09:07:05.905Z"}
{"level":"info","message":"authenticated successfully","service":"e_commerce-api","timestamp":"2026-03-23T09:07:05.908Z"}
{"level":"info","message":"admin and user auth middleware endpoint hit","service":"e_commerce-api","timestamp":"2026-03-23T09:07:05.909Z"}
{"level":"info","message":"user authenticated","service":"e_commerce-api","timestamp":"2026-03-23T09:07:05.983Z"}
{"level":"info","message":"get- profile endpoint  hit","service":"e_commerce-api","timestamp":"2026-03-23T09:07:05.984Z"}
{"level":"info","message":"user data successfully find ","service":"e_commerce-api","timestamp":"2026-03-23T09:07:06.086Z"}
{"level":"info","message":"GET /api/users/profile 304 - - 187.534 ms","service":"e_commerce-api","timestamp":"2026-03-23T09:07:06.090Z"}
{"level":"info","message":"user data successfully find ","service":"e_commerce-api","timestamp":"2026-03-23T09:07:06.094Z"}
{"level":"info","message":"GET /api/users/profile 304 - - 237.439 ms","service":"e_commerce-api","timestamp":"2026-03-23T09:07:06.097Z"}
{"level":"info","message":"authenticate endpoin hit","service":"e_commerce-api","timestamp":"2026-03-23T09:08:24.874Z"}
{"level":"info","message":"authenticated successfully","service":"e_commerce-api","timestamp":"2026-03-23T09:08:24.877Z"}
{"level":"info","message":"admin and user auth middleware endpoint hit","service":"e_commerce-api","timestamp":"2026-03-23T09:08:24.878Z"}
{"level":"info","message":"authenticate endpoin hit","service":"e_commerce-api","timestamp":"2026-03-23T09:08:24.884Z"}
{"level":"info","message":"authenticated successfully","service":"e_commerce-api","timestamp":"2026-03-23T09:08:24.889Z"}
{"level":"info","message":"admin and user auth middleware endpoint hit","service":"e_commerce-api","timestamp":"2026-03-23T09:08:24.890Z"}
{"level":"info","message":"admin authenticated","service":"e_commerce-api","timestamp":"2026-03-23T09:08:24.891Z"}
{"level":"info","message":"get- profile endpoint  hit","service":"e_commerce-api","timestamp":"2026-03-23T09:08:24.892Z"}
{"level":"info","message":"user authenticated","service":"e_commerce-api","timestamp":"2026-03-23T09:08:24.974Z"}
{"level":"info","message":"get- profile endpoint  hit","service":"e_commerce-api","timestamp":"2026-03-23T09:08:24.979Z"}
{"level":"info","message":"user data successfully find ","service":"e_commerce-api","timestamp":"2026-03-23T09:08:25.052Z"}
{"level":"info","message":"GET /api/users/profile 304 - - 189.989 ms","service":"e_commerce-api","timestamp":"2026-03-23T09:08:25.059Z"}
{"level":"info","message":"user data successfully find ","service":"e_commerce-api","timestamp":"2026-03-23T09:08:25.069Z"}
{"level":"info","message":"GET /api/users/profile 304 - - 192.489 ms","service":"e_commerce-api","timestamp":"2026-03-23T09:08:25.075Z"}
{"level":"info","message":"authenticate endpoin hit","service":"e_commerce-api","timestamp":"2026-03-23T09:08:51.844Z"}
{"level":"info","message":"authenticated successfully","service":"e_commerce-api","timestamp":"2026-03-23T09:08:51.847Z"}
{"level":"info","message":"admin and user auth middleware endpoint hit","service":"e_commerce-api","timestamp":"2026-03-23T09:08:51.848Z"}
{"level":"info","message":"admin authenticated","service":"e_commerce-api","timestamp":"2026-03-23T09:08:51.848Z"}
{"level":"info","message":"get- profile endpoint  hit","service":"e_commerce-api","timestamp":"2026-03-23T09:08:51.849Z"}
{"level":"info","message":"authenticate endpoin hit","service":"e_commerce-api","timestamp":"2026-03-23T09:08:51.852Z"}
{"level":"info","message":"authenticated successfully","service":"e_commerce-api","timestamp":"2026-03-23T09:08:51.855Z"}
{"level":"info","message":"admin and user auth middleware endpoint hit","service":"e_commerce-api","timestamp":"2026-03-23T09:08:51.855Z"}
{"level":"info","message":"user authenticated","service":"e_commerce-api","timestamp":"2026-03-23T09:08:51.960Z"}
{"level":"info","message":"get- profile endpoint  hit","service":"e_commerce-api","timestamp":"2026-03-23T09:08:51.961Z"}
{"level":"info","message":"user data successfully find ","service":"e_commerce-api","timestamp":"2026-03-23T09:08:52.108Z"}
{"level":"info","message":"GET /api/users/profile 304 - - 269.476 ms","service":"e_commerce-api","timestamp":"2026-03-23T09:08:52.110Z"}
{"level":"info","message":"user data successfully find ","service":"e_commerce-api","timestamp":"2026-03-23T09:08:52.112Z"}
{"level":"info","message":"GET /api/users/profile 304 - - 270.573 ms","service":"e_commerce-api","timestamp":"2026-03-23T09:08:52.114Z"}
{"level":"info","message":"authenticate endpoin hit","service":"e_commerce-api","timestamp":"2026-03-23T09:09:06.886Z"}
{"level":"info","message":"authenticated successfully","service":"e_commerce-api","timestamp":"2026-03-23T09:09:06.895Z"}
{"level":"info","message":"admin and user auth middleware endpoint hit","service":"e_commerce-api","timestamp":"2026-03-23T09:09:06.896Z"}
{"level":"info","message":"admin authenticated","service":"e_commerce-api","timestamp":"2026-03-23T09:09:06.897Z"}
{"level":"info","message":"get- profile endpoint  hit","service":"e_commerce-api","timestamp":"2026-03-23T09:09:06.898Z"}
{"level":"info","message":"authenticate endpoin hit","service":"e_commerce-api","timestamp":"2026-03-23T09:09:06.925Z"}
{"level":"info","message":"authenticated successfully","service":"e_commerce-api","timestamp":"2026-03-23T09:09:06.929Z"}
{"level":"info","message":"admin and user auth middleware endpoint hit","service":"e_commerce-api","timestamp":"2026-03-23T09:09:06.930Z"}
{"level":"info","message":"user authenticated","service":"e_commerce-api","timestamp":"2026-03-23T09:09:07.058Z"}
{"level":"info","message":"get- profile endpoint  hit","service":"e_commerce-api","timestamp":"2026-03-23T09:09:07.059Z"}
{"level":"info","message":"user data successfully find ","service":"e_commerce-api","timestamp":"2026-03-23T09:09:07.061Z"}
{"level":"info","message":"GET /api/users/profile 304 - - 180.068 ms","service":"e_commerce-api","timestamp":"2026-03-23T09:09:07.063Z"}
{"level":"info","message":"user data successfully find ","service":"e_commerce-api","timestamp":"2026-03-23T09:09:07.135Z"}
{"level":"info","message":"GET /api/users/profile 304 - - 216.217 ms","service":"e_commerce-api","timestamp":"2026-03-23T09:09:07.138Z"}
{"level":"info","message":"authenticate endpoin hit","service":"e_commerce-api","timestamp":"2026-03-23T09:09:33.853Z"}
{"level":"info","message":"authenticated successfully","service":"e_commerce-api","timestamp":"2026-03-23T09:09:33.856Z"}
{"level":"info","message":"admin and user auth middleware endpoint hit","service":"e_commerce-api","timestamp":"2026-03-23T09:09:33.857Z"}
{"level":"info","message":"authenticate endpoin hit","service":"e_commerce-api","timestamp":"2026-03-23T09:09:33.861Z"}
{"level":"info","message":"authenticated successfully","service":"e_commerce-api","timestamp":"2026-03-23T09:09:33.864Z"}
{"level":"info","message":"admin and user auth middleware endpoint hit","service":"e_commerce-api","timestamp":"2026-03-23T09:09:33.865Z"}
{"level":"info","message":"admin authenticated","service":"e_commerce-api","timestamp":"2026-03-23T09:09:33.866Z"}
{"level":"info","message":"get- profile endpoint  hit","service":"e_commerce-api","timestamp":"2026-03-23T09:09:33.868Z"}
{"level":"info","message":"user authenticated","service":"e_commerce-api","timestamp":"2026-03-23T09:09:33.943Z"}
{"level":"info","message":"get- profile endpoint  hit","service":"e_commerce-api","timestamp":"2026-03-23T09:09:33.944Z"}
{"level":"info","message":"user data successfully find ","service":"e_commerce-api","timestamp":"2026-03-23T09:09:34.034Z"}
{"level":"info","message":"GET /api/users/profile 304 - - 186.041 ms","service":"e_commerce-api","timestamp":"2026-03-23T09:09:34.037Z"}
{"level":"info","message":"user data successfully find ","service":"e_commerce-api","timestamp":"2026-03-23T09:09:34.039Z"}
{"level":"info","message":"GET /api/users/profile 304 - - 180.784 ms","service":"e_commerce-api","timestamp":"2026-03-23T09:09:34.041Z"}
{"level":"info","message":"authenticate endpoin hit","service":"e_commerce-api","timestamp":"2026-03-23T09:09:50.865Z"}
{"level":"info","message":"authenticated successfully","service":"e_commerce-api","timestamp":"2026-03-23T09:09:50.867Z"}
{"level":"info","message":"admin and user auth middleware endpoint hit","service":"e_commerce-api","timestamp":"2026-03-23T09:09:50.868Z"}
{"level":"info","message":"admin authenticated","service":"e_commerce-api","timestamp":"2026-03-23T09:09:50.868Z"}
{"level":"info","message":"get- profile endpoint  hit","service":"e_commerce-api","timestamp":"2026-03-23T09:09:50.869Z"}
{"level":"info","message":"authenticate endpoin hit","service":"e_commerce-api","timestamp":"2026-03-23T09:09:50.871Z"}
{"level":"info","message":"authenticated successfully","service":"e_commerce-api","timestamp":"2026-03-23T09:09:50.875Z"}
{"level":"info","message":"admin and user auth middleware endpoint hit","service":"e_commerce-api","timestamp":"2026-03-23T09:09:50.875Z"}
{"level":"info","message":"user authenticated","service":"e_commerce-api","timestamp":"2026-03-23T09:09:50.996Z"}
{"level":"info","message":"get- profile endpoint  hit","service":"e_commerce-api","timestamp":"2026-03-23T09:09:50.997Z"}
{"level":"info","message":"user data successfully find ","service":"e_commerce-api","timestamp":"2026-03-23T09:09:51.057Z"}
{"level":"info","message":"GET /api/users/profile 304 - - 197.184 ms","service":"e_commerce-api","timestamp":"2026-03-23T09:09:51.061Z"}
{"level":"info","message":"user data successfully find ","service":"e_commerce-api","timestamp":"2026-03-23T09:09:51.063Z"}
{"level":"info","message":"GET /api/users/profile 304 - - 202.731 ms","service":"e_commerce-api","timestamp":"2026-03-23T09:09:51.065Z"}
{"level":"info","message":"authenticate endpoin hit","service":"e_commerce-api","timestamp":"2026-03-23T09:09:51.099Z"}
{"level":"info","message":"authenticated successfully","service":"e_commerce-api","timestamp":"2026-03-23T09:09:51.103Z"}
{"level":"info","message":"admin auth middleware endpoint hit","service":"e_commerce-api","timestamp":"2026-03-23T09:09:51.103Z"}
{"level":"info","message":"admin authenticated","service":"e_commerce-api","timestamp":"2026-03-23T09:09:51.104Z"}
{"level":"info","message":"fetching all users endpoint hit","service":"e_commerce-api","timestamp":"2026-03-23T09:09:51.104Z"}
{"level":"info","message":"authenticate endpoin hit","service":"e_commerce-api","timestamp":"2026-03-23T09:09:51.110Z"}
{"level":"info","message":"authenticated successfully","service":"e_commerce-api","timestamp":"2026-03-23T09:09:51.113Z"}
{"level":"info","message":"admin auth middleware endpoint hit","service":"e_commerce-api","timestamp":"2026-03-23T09:09:51.114Z"}
{"level":"info","message":"admin authenticated","service":"e_commerce-api","timestamp":"2026-03-23T09:09:51.114Z"}
{"level":"info","message":"get all sellers endpoint hit","service":"e_commerce-api","timestamp":"2026-03-23T09:09:51.115Z"}
{"level":"info","message":"authenticate endpoin hit","service":"e_commerce-api","timestamp":"2026-03-23T09:09:51.118Z"}
{"level":"info","message":"authenticated successfully","service":"e_commerce-api","timestamp":"2026-03-23T09:09:51.121Z"}
{"level":"info","message":"admin auth middleware endpoint hit","service":"e_commerce-api","timestamp":"2026-03-23T09:09:51.122Z"}
{"level":"info","message":"admin authenticated","service":"e_commerce-api","timestamp":"2026-03-23T09:09:51.125Z"}
{"level":"info","message":"get pending sellers endpoint hit","service":"e_commerce-api","timestamp":"2026-03-23T09:09:51.126Z"}
{"level":"info","message":"authenticate endpoin hit","service":"e_commerce-api","timestamp":"2026-03-23T09:09:51.131Z"}
{"level":"info","message":"authenticated successfully","service":"e_commerce-api","timestamp":"2026-03-23T09:09:51.134Z"}
{"level":"info","message":"admin auth middleware endpoint hit","service":"e_commerce-api","timestamp":"2026-03-23T09:09:51.136Z"}
{"level":"info","message":"admin authenticated","service":"e_commerce-api","timestamp":"2026-03-23T09:09:51.137Z"}
{"level":"info","message":"get pending products endpoint hit","service":"e_commerce-api","timestamp":"2026-03-23T09:09:51.137Z"}
{"level":"info","message":"authenticate endpoin hit","service":"e_commerce-api","timestamp":"2026-03-23T09:09:51.141Z"}
{"level":"info","message":"authenticated successfully","service":"e_commerce-api","timestamp":"2026-03-23T09:09:51.145Z"}
{"level":"info","message":"admin auth middleware endpoint hit","service":"e_commerce-api","timestamp":"2026-03-23T09:09:51.146Z"}
{"level":"info","message":"admin authenticated","service":"e_commerce-api","timestamp":"2026-03-23T09:09:51.146Z"}
{"level":"info","message":"authenticate endpoin hit","service":"e_commerce-api","timestamp":"2026-03-23T09:09:51.147Z"}
{"level":"info","message":"authenticated successfully","service":"e_commerce-api","timestamp":"2026-03-23T09:09:51.149Z"}
{"level":"info","message":"admin auth middleware endpoint hit","service":"e_commerce-api","timestamp":"2026-03-23T09:09:51.150Z"}
{"level":"info","message":"admin authenticated","service":"e_commerce-api","timestamp":"2026-03-23T09:09:51.150Z"}
{"level":"info","message":"get all categories endpoint hit","service":"e_commerce-api","timestamp":"2026-03-23T09:09:51.151Z"}
{"level":"info","message":"GET /api/admin/users 304 - - 96.167 ms","service":"e_commerce-api","timestamp":"2026-03-23T09:09:51.196Z"}
{"level":"info","message":"pending sellers retrieved successfully","service":"e_commerce-api","timestamp":"2026-03-23T09:09:51.201Z"}
{"level":"info","message":"GET /api/admin/sellers/pending 304 - - 83.728 ms","service":"e_commerce-api","timestamp":"2026-03-23T09:09:51.203Z"}
{"level":"info","message":"pending products retrieved successfully","service":"e_commerce-api","timestamp":"2026-03-23T09:09:51.204Z"}
{"level":"info","message":"GET /api/admin/products/pending 304 - - 75.646 ms","service":"e_commerce-api","timestamp":"2026-03-23T09:09:51.207Z"}
{"level":"warn","message":"category not found","service":"e_commerce-api","timestamp":"2026-03-23T09:09:51.215Z"}
{"level":"info","message":"GET /api/admin/categories/all 404 48 - 75.514 ms","service":"e_commerce-api","timestamp":"2026-03-23T09:09:51.217Z"}
{"level":"info","message":"GET /api/admin/sellers 304 - - 152.517 ms","service":"e_commerce-api","timestamp":"2026-03-23T09:09:51.264Z"}
{"level":"info","message":"Using Local Redis","service":"e_commerce-api","timestamp":"2026-03-23T09:11:31.239Z"}
{"level":"info","message":"Email transporter initialized","service":"e_commerce-api","timestamp":"2026-03-23T09:11:31.373Z"}
{"level":"info","message":"Cloudinary configured successfully","service":"e_commerce-api","timestamp":"2026-03-23T09:11:31.982Z"}
{"level":"info","message":"Server is running on port 5000","service":"e_commerce-api","timestamp":"2026-03-23T09:11:31.997Z"}
{"level":"info","message":"Redis connected","service":"e_commerce-api","timestamp":"2026-03-23T09:11:32.013Z"}
{"level":"info","message":"MongoDB connected successfully: ac-tndgswv-shard-00-00.z9n5uke.mongodb.net","service":"e_commerce-api","timestamp":"2026-03-23T09:11:33.608Z"}
{"level":"info","message":"Using Local Redis","service":"e_commerce-api","timestamp":"2026-03-23T09:11:51.536Z"}
{"level":"info","message":"Email transporter initialized","service":"e_commerce-api","timestamp":"2026-03-23T09:11:51.671Z"}
{"level":"info","message":"Cloudinary configured successfully","service":"e_commerce-api","timestamp":"2026-03-23T09:11:52.232Z"}
{"level":"info","message":"Server is running on port 5000","service":"e_commerce-api","timestamp":"2026-03-23T09:11:52.266Z"}
{"level":"info","message":"Redis connected","service":"e_commerce-api","timestamp":"2026-03-23T09:11:52.283Z"}
